{
  "molecule": "H2",
  "basis": "sto-3g",
  "distances": [
    {
      "r": 0.3,
      "eigenvalues": [
        -0.60180371,
        0.20903886,
        0.20903886,
        0.77511104,
        0.77511104,
        0.83607559,
        0.83607559,
        0.83607559,
        1.15771263,
        1.76392404,
        1.80987721,
        1.80987721,
        2.40886833,
        2.40886833,
        2.64874383,
        2.92898733
      ],
      "gaps": [
        0.81084257,
        0.0,
        0.56607218,
        0.0,
        0.06096455,
        0.0,
        0.0,
        0.32163704,
        0.60621141,
        0.04595318,
        0.0,
        0.59899112,
        0.0,
        0.2398755,
        0.2802435
      ]
    },
    {
      "r": 0.4,
      "eigenvalues": [
        -0.9141497,
        -0.15914886,
        -0.15914886,
        0.263055,
        0.263055,
        0.2829341,
        0.2829341,
        0.2829341,
        0.61196495,
        1.20420798,
        1.20420798,
        1.32294303,
        1.65497589,
        1.65497589,
        1.86070463,
        2.1959148
      ],
      "gaps": [
        0.75500084,
        0.0,
        0.42220386,
        0.0,
        0.0198791,
        0.0,
        0.0,
        0.32903085,
        0.59224303,
        0.0,
        0.11873505,
        0.33203286,
        0.0,
        0.20572875,
        0.33521017
      ]
    },
    {
      "r": 0.5,
      "eigenvalues": [
        -1.05515979,
        -0.35217395,
        -0.35217395,
        -0.07074011,
        -0.07074011,
        -0.07074011,
        -0.0543226,
        -0.0543226,
        0.26700034,
        0.80141864,
        0.80141864,
        1.05835442,
        1.12440332,
        1.12440332,
        1.30148575,
        1.67919044
      ],
      "gaps": [
        0.70298585,
        0.0,
        0.28143383,
        0.0,
        0.0,
        0.01641751,
        0.0,
        0.32132294,
        0.5344183,
        0.0,
        0.25693578,
        0.06604889,
        0.0,
        0.17708243,
        0.37770469
      ]
    },
    {
      "r": 0.6,
      "eigenvalues": [
        -1.11628601,
        -0.46025198,
        -0.46025198,
        -0.31096009,
        -0.31096009,
        -0.31096009,
        -0.26304326,
        -0.26304326,
        0.0365012,
        0.51619145,
        0.51619145,
        0.73656846,
        0.73656846,
        0.88196202,
        0.89008467,
        1.29954775
      ],
      "gaps": [
        0.65603403,
        0.0,
        0.14929188,
        0.0,
        0.0,
        0.04791683,
        0.0,
        0.29954446,
        0.47969025,
        0.0,
        0.22037701,
        0.0,
        0.14539356,
        0.00812265,
        0.40946308
      ]
    },
    {
      "r": 0.7,
      "eigenvalues": [
        -1.13618945,
        -0.52188556,
        -0.52188556,
        -0.47845306,
        -0.47845306,
        -0.47845306,
        -0.40318375,
        -0.40318375,
        -0.1204519,
        0.30766775,
        0.30766775,
        0.44908566,
        0.44908566,
        0.5833141,
        0.75596744,
        1.01608717
      ],
      "gaps": [
        0.61430389,
        0.0,
        0.04343251,
        0.0,
        0.0,
        0.07526931,
        0.0,
        0.28273185,
        0.42811965,
        0.0,
        0.14141791,
        0.0,
        0.13422844,
        0.17265334,
        0.26011972
      ]
    },
    {
      "r": 0.8,
      "eigenvalues": [
        -1.13414767,
        -0.5971778,
        -0.5971778,
        -0.5971778,
        -0.55635452,
        -0.55635452,
        -0.49823231,
        -0.49823231,
        -0.22792423,
        0.15183364,
        0.15183364,
        0.23341723,
        0.23341723,
        0.35228457,
        0.66147151,
        0.80117731
      ],
      "gaps": [
        0.53696986,
        0.0,
        0.0,
        0.04082329,
        0.0,
        0.05812221,
        0.0,
        0.27030808,
        0.37975787,
        0.0,
        0.08158359,
        0.0,
        0.11886734,
        0.30918694,
        0.1397058
      ]
    },
    {
      "r": 0.9,
      "eigenvalues": [
        -1.12056028,
        -0.68284939,
        -0.68284939,
        -0.68284939,
        -0.57424601,
        -0.57424601,
        -0.56343679,
        -0.56343679,
        -0.301706,
        0.03286236,
        0.03286236,
        0.06860396,
        0.06860396,
        0.17588132,
        0.58797468,
        0.63452549
      ],
      "gaps": [
        0.43771089,
        0.0,
        0.0,
        0.10860338,
        0.0,
        0.01080921,
        0.0,
        0.26173079,
        0.33456836,
        0.0,
        0.0357416,
        0.0,
        0.10727736,
        0.41209336,
        0.04655081
      ]
    },
    {
      "r": 1.0,
      "eigenvalues": [
        -1.10115033,
        -0.74587179,
        -0.74587179,
        -0.74587179,
        -0.60860671,
        -0.60860671,
        -0.58166697,
        -0.58166697,
        -0.35229063,
        -0.06021529,
        -0.06021529,
        -0.05994379,
        -0.05994379,
        0.03904763,
        0.50196598,
        0.52917721
      ],
      "gaps": [
        0.35527854,
        0.0,
        0.0,
        0.13726508,
        0.0,
        0.02693974,
        0.0,
        0.22937634,
        0.29207534,
        0.0,
        0.00027149,
        0.0,
        0.09899142,
        0.46291834,
        0.02721124
      ]
    },
    {
      "r": 1.1,
      "eigenvalues": [
        -1.07919294,
        -0.7929597,
        -0.7929597,
        -0.7929597,
        -0.63984296,
        -0.63984296,
        -0.58232018,
        -0.58232018,
        -0.38651524,
        -0.16289711,
        -0.16289711,
        -0.13368253,
        -0.13368253,
        -0.0683013,
        0.39433282,
        0.48107019
      ],
      "gaps": [
        0.28623325,
        0.0,
        0.0,
        0.15311673,
        0.0,
        0.05752278,
        0.0,
        0.19580494,
        0.22361813,
        0.0,
        0.02921458,
        0.0,
        0.06538123,
        0.46263412,
        0.08673737
      ]
    },
    {
      "r": 1.2,
      "eigenvalues": [
        -1.05674075,
        -0.82844335,
        -0.82844335,
        -0.82844335,
        -0.66097983,
        -0.66097983,
        -0.57860406,
        -0.57860406,
        -0.40886041,
        -0.24579261,
        -0.24579261,
        -0.19303297,
        -0.19303297,
        -0.15271436,
        0.3058456,
        0.44098101
      ],
      "gaps": [
        0.2282974,
        0.0,
        0.0,
        0.16746352,
        0.0,
        0.08237576,
        0.0,
        0.16974366,
        0.16306779,
        0.0,
        0.05275965,
        0.0,
        0.04031861,
        0.45855996,
        0.13513541
      ]
    },
    {
      "r": 1.3,
      "eigenvalues": [
        -1.03518627,
        -0.85523694,
        -0.85523694,
        -0.85523694,
        -0.67459672,
        -0.67459672,
        -0.5721641,
        -0.5721641,
        -0.42240202,
        -0.31314669,
        -0.31314669,
        -0.24118272,
        -0.24118272,
        -0.21860355,
        0.23266281,
        0.40705939
      ],
      "gaps": [
        0.17994933,
        0.0,
        0.0,
        0.18064022,
        0.0,
        0.10243263,
        0.0,
        0.14976208,
        0.10925534,
        0.0,
        0.07196396,
        0.0,
        0.02257917,
        0.45126636,
        0.17439659
      ]
    },
    {
      "r": 1.4,
      "eigenvalues": [
        -1.01546825,
        -0.87542794,
        -0.87542794,
        -0.87542794,
        -0.68257868,
        -0.68257868,
        -0.56415783,
        -0.56415783,
        -0.42938376,
        -0.36802837,
        -0.36802837,
        -0.28043638,
        -0.28043638,
        -0.26922131,
        0.17197088,
        0.37798372
      ],