{
  "submitted": "2026-02-10T20:09:20Z",
  "jobs": {
    "peruzzo_zbasis": 415632,
    "peruzzo_xbasis": 415633,
    "peruzzo_ybasis": 415634,
    "h2_q68_zbasis": 415635,
    "h2_q68_xbasis": 415636,
    "h2_q68_ybasis": 415637,
    "cal_q46_00": 415638,
    "cal_q46_11": 415639,
    "cal_q68_00": 415640,
    "cal_q68_11": 415641
  },
  "parameters": {
    "peruzzo": {
      "molecule": "HeH+",
      "R": 0.75,
      "alpha": -0.1273,
      "qubits": [
        4,
        6
      ],
      "g0": -1.681277,
      "g1": -0.577585,
      "g2": 0.577585,
      "g3": 0.0,
      "g4": 0.073943,
      "g5": 0.073943,
      "fci": -2.846187
    },
    "h2_q68": {
      "molecule": "H2",
      "R": 0.735,
      "alpha": -0.2234,
      "qubits": [
        6,
        8
      ],
      "g0": -0.321124,
      "g1": 0.397937,
      "g2": -0.397937,
      "g3": 0.0,
      "g4": 0.090466,
      "g5": 0.090466,
      "fci": -1.137306
    }
  }
}