{
  "submitted": "2026-02-10T20:36:16Z",
  "jobs": {
    "peruzzo_zbasis": 415692,
    "peruzzo_xbasis": 415693,
    "peruzzo_ybasis": 415694,
    "h2_q68_zbasis": 415696,
    "h2_q68_xbasis": 415697,
    "h2_q68_ybasis": 415698,
    "cal_q46_00": 415699,
    "cal_q46_11": 415700,
    "cal_q68_00": 415701,
    "cal_q68_11": 415702
  },
  "parameters": {
    "peruzzo": {
      "molecule": "HeH+",
      "R": 0.75,
      "alpha": -0.1273,
      "qubits": [
        4,
        6
      ],
      "qubit_mapping": "q4\u2192Z0, q6\u2192Z1 (X on q6, Ry on q4)",
      "g0": -1.681277,
      "g1": -0.577585,
      "g2": 0.577585,
      "g3": 0.0,
      "g4": 0.073943,
      "g5": 0.073943,
      "fci": -2.846187
    },
    "h2_q68": {
      "molecule": "H2",
      "R": 0.735,
      "alpha": -0.2234,
      "qubits": [
        6,
        8
      ],
      "qubit_mapping": "q6\u2192Z0, q8\u2192Z1 (X on q6, Ry on q8)",
      "g0": -0.321124,
      "g1": 0.397937,
      "g2": -0.397937,
      "g3": 0.0,
      "g4": 0.090466,
      "g5": 0.090466,
      "fci": -1.137306
    }
  }
}