{
  "experiment": "H2 2-qubit VQE dissociation curve",
  "backend": "Tuna-9",
  "physical_qubits": [
    4,
    6
  ],
  "gate_set": "native (CZ, Ry, Rz, X)",
  "compile_stage": "routing",
  "shots_per_basis": 4096,
  "total_shots": 86016,
  "analyzed": "2026-02-14T15:31:46.592492+00:00",
  "job_map": {
    "0.5": {
      "Z": 426400,
      "X": 426401,
      "Y": 426402
    },
    "0.7": {
      "Z": 426403,
      "X": 426404,
      "Y": 426405
    },
    "0.735": {
      "Z": 426406,
      "X": 426407,
      "Y": 426408
    },
    "0.9": {
      "Z": 426409,
      "X": 426410,
      "Y": 426411
    },
    "1.1": {
      "Z": 426412,
      "X": 426413,
      "Y": 426414
    },
    "1.5": {
      "Z": 426415,
      "X": 426416,
      "Y": 426417
    },
    "2.0": {
      "Z": 426418,
      "X": 426419,
      "Y": 426420
    }
  },
  "results": [
    {
      "bond_distance": 0.5,
      "fci_energy": -1.05515976,
      "optimal_alpha": -0.143585,
      "g0": 0.12316306,
      "g1": 0.58307965,
      "g4": 0.08443511,
      "expvals": {
        "Z0": -0.943848,
        "Z1": 0.971191,
        "Z0Z1": -0.948242,
        "X0X1": -0.133789,
        "Y0Y1": -0.119141
      },
      "symmetry_Z0Z1": -0.9482,
      "energy": -1.01481339,
      "error_mHa": 40.3464,
      "sigma_mHa": 4.9132,
      "ps_energy": -1.0151867,
      "ps_error_mHa": 39.9731,
      "ps_sigma_mHa": 4.939,
      "ps_retention_pct": 95.82,
      "ps_symmetry_Z0Z1": -0.9486
    },
    {
      "bond_distance": 0.7,
      "fci_energy": -1.13618945,
      "optimal_alpha": -0.209565,
      "g0": -0.27643762,
      "g1": 0.42045571,
      "g4": 0.08950029,
      "expvals": {
        "Z0": -0.927734,
        "Z1": 0.962402,
        "Z0Z1": -0.943848,
        "X0X1": -0.191895,
        "Y0Y1": -0.20166
      },
      "symmetry_Z0Z1": -0.9438,
      "energy": -1.10637965,
      "error_mHa": 29.8098,
      "sigma_mHa": 4.2685,
      "ps_energy": -1.10776651,
      "ps_error_mHa": 28.4229,
      "ps_sigma_mHa": 4.3384,
      "ps_retention_pct": 95.67,
      "ps_symmetry_Z0Z1": -0.9456
    },
    {
      "bond_distance": 0.735,
      "fci_energy": -1.13730604,
      "optimal_alpha": -0.22339,
      "g0": -0.32112409,
      "g1": 0.39793745,
      "g4": 0.0904656,
      "expvals": {
        "Z0": -0.92627,
        "Z1": 0.956055,
        "Z0Z1": -0.935059,
        "X0X1": -0.184082,
        "Y0Y1": -0.193359
      },
      "symmetry_Z0Z1": -0.9351,
      "energy": -1.10431685,
      "error_mHa": 32.9892,
      "sigma_mHa": 4.2089,
      "ps_energy": -1.10443527,
      "ps_error_mHa": 32.8708,
      "ps_sigma_mHa": 4.0824,
      "ps_retention_pct": 95.57,
      "ps_symmetry_Z0Z1": -0.9355
    },
    {
      "bond_distance": 0.9,
      "fci_energy": -1.12056029,
      "optimal_alpha": -0.298167,
      "g0": -0.47233944,
      "g1": 0.30978731,
      "g4": 0.09528584,
      "expvals": {
        "Z0": -0.912598,
        "Z1": 0.937988,
        "Z0Z1": -0.932617,
        "X0X1": -0.262695,
        "Y0Y1": -0.280273
      },
      "symmetry_Z0Z1": -0.9326,
      "energy": -1.09736471,
      "error_mHa": 23.1956,
      "sigma_mHa": 3.8082,
      "ps_energy": -1.09772672,
      "ps_error_mHa": 22.8336,
      "ps_sigma_mHa": 4.1081,
      "ps_retention_pct": 95.39,
      "ps_symmetry_Z0Z1": -0.9323
    },
    {
      "bond_distance": 1.1,
      "fci_energy": -1.07919296,
      "optimal_alpha": -0.413789,
      "g0": -0.5737471,
      "g1": 0.2313959,
      "g4": 0.10161111,
      "expvals": {
        "Z0": -0.869629,
        "Z1": 0.902344,
        "Z0Z1": -0.933105,
        "X0X1": -0.383789,
        "Y0Y1": -0.351562
      },
      "symmetry_Z0Z1": -0.9331,
      "energy": -1.0584942,
      "error_mHa": 20.6988,
      "sigma_mHa": 3.8025,
      "ps_energy": -1.05927403,
      "ps_error_mHa": 19.9189,
      "ps_sigma_mHa": 3.8122,
      "ps_retention_pct": 95.83,
      "ps_symmetry_Z0Z1": -0.9353
    },
    {
      "bond_distance": 1.5,
      "fci_energy": -0.99814937,
      "optimal_alpha": -0.726723,
      "g0": -0.65267092,
      "g1": 0.12910133,
      "g4": 0.11476796,
      "expvals": {
        "Z0": -0.709473,
        "Z1": 0.739746,
        "Z0Z1": -0.930664,
        "X0X1": -0.609375,
        "Y0Y1": -0.616699
      },
      "symmetry_Z0Z1": -0.9307,
      "energy": -0.98048102,
      "error_mHa": 17.6683,
      "sigma_mHa": 3.3483,
      "ps_energy": -0.98132879,
      "ps_error_mHa": 16.8206,
      "ps_sigma_mHa": 3.4473,
      "ps_retention_pct": 95.6,
      "ps_symmetry_Z0Z1": -0.9303
    },
    {
      "bond_distance": 2.0,
      "fci_energy": -0.94864112,
      "optimal_alpha": -1.133286,
      "g0": -0.66253664,
      "g1": 0.06062802,
      "g4": 0.12956923,
      "expvals": {
        "Z0": -0.402344,
        "Z1": 0.424316,
        "Z0Z1": -0.935059,
        "X0X1": -0.831543,
        "Y0Y1": -0.811035
      },
      "symmetry_Z0Z1": -0.9351,
      "energy": -0.92548299,
      "error_mHa": 23.1581,
      "sigma_mHa": 2.2761,
      "ps_energy": -0.92456019,
      "ps_error_mHa": 24.0809,
      "ps_sigma_mHa": 2.4133,
      "ps_retention_pct": 95.41,
      "ps_symmetry_Z0Z1": -0.9348
    }
  ]
}