{
  "experiment": "H2 2-qubit VQE 5-rep statistical run",
  "backend": "Tuna-9",
  "physical_qubits": [
    4,
    6
  ],
  "gate_set": "native (CZ, Ry, Rz, X)",
  "compile_stage": "routing",
  "shots_per_basis": 4096,
  "n_reps": 5,
  "mitigation": "REM (confusion matrix inversion)",
  "calibration_source": "verification run jobs 429925-429928",
  "confusion_matrix": [
    [
      0.96875,
      0.024169921875,
      0.016845703125,
      0.000244140625
    ],
    [
      0.01318359375,
      0.95703125,
      0.0,
      0.0185546875
    ],
    [
      0.017578125,
      0.000244140625,
      0.96826171875,
      0.02197265625
    ],
    [
      0.00048828125,
      0.0185546875,
      0.014892578125,
      0.959228515625
    ]
  ],
  "confusion_matrix_condition": 1.08,
  "analyzed": "2026-02-15T14:51:44.104838+00:00",
  "results": {
    "0.5": {
      "bond_distance": 0.5,
      "fci_energy": -1.05515976,
      "hf_energy": -1.04299624,
      "n_reps": 5,
      "raw_energy_mean": -1.0055840678984374,
      "raw_energy_std": 0.0073223241877370835,
      "rem_energy_mean": -1.0389468438081975,
      "rem_energy_std": 0.007980716399493338,
      "raw_error_mean_mHa": 49.57569210156256,
      "raw_error_std_mHa": 7.322324187737084,
      "rem_error_mean_mHa": 16.212916191802627,
      "rem_error_std_mHa": 7.980716399493338,
      "z0z1_mean": -0.9887421181893437,
      "z0z1_std": 0.0071729598324946
    },
    "0.7": {
      "bond_distance": 0.7,
      "fci_energy": -1.13618945,
      "hf_energy": -1.117349,
      "n_reps": 5,
      "raw_energy_mean": -1.0997465933828123,
      "raw_energy_std": 0.003350510603805354,
      "rem_energy_mean": -1.1262883020861008,
      "rem_energy_std": 0.003749911636763017,
      "raw_error_mean_mHa": 36.44285661718762,
      "raw_error_std_mHa": 3.350510603805355,
      "rem_error_mean_mHa": 9.9011479138992,
      "rem_error_std_mHa": 3.7499116367630174,
      "z0z1_mean": -0.9847575713404304,
      "z0z1_std": 0.003495609368569984
    },
    "0.735": {
      "bond_distance": 0.735,
      "fci_energy": -1.13730604,
      "hf_energy": -1.116999,
      "n_reps": 5,
      "raw_energy_mean": -1.1006703089453125,
      "raw_energy_std": 0.0027139712556914536,
      "rem_energy_mean": -1.1254911411325936,
      "rem_energy_std": 0.0035446245356411804,
      "raw_error_mean_mHa": 36.63573105468738,
      "raw_error_std_mHa": 2.713971255691454,
      "rem_error_mean_mHa": 11.814898867406232,
      "rem_error_std_mHa": 3.544624535641181,
      "z0z1_mean": -0.9845177455100496,
      "z0z1_std": 0.0028862202170837287
    },
    "0.9": {
      "bond_distance": 0.9,
      "fci_energy": -1.12056029,
      "hf_energy": -1.091914,
      "n_reps": 5,
      "raw_energy_mean": -1.090993126988281,
      "raw_energy_std": 0.0054629969924370496,
      "rem_energy_mean": -1.1119568774241402,
      "rem_energy_std": 0.0050935364811414375,
      "raw_error_mean_mHa": 29.567163011718776,
      "raw_error_std_mHa": 5.46299699243705,
      "rem_error_mean_mHa": 8.603412575859748,
      "rem_error_std_mHa": 5.093536481141437,
      "z0z1_mean": -0.9851649607723483,
      "z0z1_std": 0.008753039644947327
    },
    "1.1": {
      "bond_distance": 1.1,
      "fci_energy": -1.07919296,
      "hf_energy": -1.035608,
      "n_reps": 5,
      "raw_energy_mean": -1.0555574116396484,
      "raw_energy_std": 0.0053930251800982385,
      "rem_energy_mean": -1.0734598714796075,
      "rem_energy_std": 0.006109622372006764,
      "raw_error_mean_mHa": 23.635548360351645,
      "raw_error_std_mHa": 5.393025180098238,
      "rem_error_mean_mHa": 6.423365910900358,
      "rem_error_std_mHa": 5.180572215035905,
      "z0z1_mean": -0.9905190118117468,
      "z0z1_std": 0.003986464140287767
    },
    "1.5": {
      "bond_distance": 1.5,
      "fci_energy": -0.99814937,
      "hf_energy": -0.910874,
      "n_reps": 5,
      "raw_energy_mean": -0.9767910833222657,
      "raw_energy_std": 0.006030729081403681,
      "rem_energy_mean": -0.9931726377290859,
      "rem_energy_std": 0.0065522972282357084,
      "raw_error_mean_mHa": 21.358286677734363,
      "raw_error_std_mHa": 6.030729081403681,
      "rem_error_mean_mHa": 6.268316542047203,
      "rem_error_std_mHa": 4.977719231582318,
      "z0z1_mean": -0.9898069569728344,
      "z0z1_std": 0.006722697035158336
    },
    "2.0": {
      "bond_distance": 2.0,
      "fci_energy": -0.94864112,
      "hf_energy": -0.783793,
      "n_reps": 5,
      "raw_energy_mean": -0.9258844255498048,
      "raw_energy_std": 0.00255864462717136,
      "rem_energy_mean": -0.9441959003035345,
      "rem_energy_std": 0.002657822392486889,
      "raw_error_mean_mHa": 22.756694450195305,
      "raw_error_std_mHa": 2.5586446271713608,
      "rem_error_mean_mHa": 4.445219696465452,
      "rem_error_std_mHa": 2.657822392486889,
      "z0z1_mean": -0.9919782833139978,
      "z0z1_std": 0.0029762833313821285
    }
  },
  "per_rep_results": {
    "0.5": [
      {
        "raw_energy": -0.9992175225927733,
        "rem_energy": -1.032377904388192,
        "z0z1_raw": -0.931640625,
        "z0z1_rem": -0.9870231540420845,
        "raw_error_mHa": 55.9422374072267,
        "rem_error_mHa": 22.781855611808012,
        "rep": 0
      },
      {
        "raw_energy": -1.0039338549755858,
        "rem_energy": -1.034913602045265,
        "z0z1_raw": -0.93505859375,
        "z0z1_rem": -0.9865923676657169,
        "raw_error_mHa": 51.22590502441415,
        "rem_error_mHa": 20.246157954735054,
        "rep": 1
      },
      {
        "raw_energy": -1.0176145707861328,
        "rem_energy": -1.0525580889488475,
        "z0z1_raw": -0.939453125,
        "z0z1_rem": -0.9966563850011223,
        "raw_error_mHa": 37.54518921386718,
        "rem_error_mHa": 2.6016710511524987,
        "rep": 2
      },
      {
        "raw_energy": -1.0005422695898438,
        "rem_energy": -1.0357755626663099,
        "z0z1_raw": -0.9208984375,
        "z0z1_rem": -0.9787377921206022,
        "raw_error_mHa": 54.61749041015618,
        "rem_error_mHa": 19.384197333690125,
        "rep": 3
      },
      {
        "raw_energy": -1.0066121215478514,
        "rem_energy": -1.0391090609923725,
        "z0z1_raw": -0.9404296875,
        "z0z1_rem": -0.9947008921171921,
        "raw_error_mHa": 48.547638452148604,
        "rem_error_mHa": 16.050699007627458,
        "rep": 4
      }
    ],
    "0.7": [
      {
        "raw_energy": -1.098057898203125,
        "rem_energy": -1.1231246369003602,
        "z0z1_raw": -0.9326171875,
        "z0z1_rem": -0.9876217229531555,
        "raw_error_mHa": 38.131551796874994,
        "rem_error_mHa": 13.064813099639805,
        "rep": 0
      },
      {
        "raw_energy": -1.1015093466308592,
        "rem_energy": -1.127396006881111,
        "z0z1_raw": -0.9306640625,
        "z0z1_rem": -0.9870458648396844,
        "raw_error_mHa": 34.680103369140845,
        "rem_error_mHa": 8.793443118888966,
        "rep": 1
      },
      {
        "raw_energy": -1.0980761429980468,
        "rem_energy": -1.123690524069412,
        "z0z1_raw": -0.9267578125,
        "z0z1_rem": -0.9824768021288083,
        "raw_error_mHa": 38.11330700195326,
        "rem_error_mHa": 12.4989259305881,
        "rep": 2
      },
      {
        "raw_energy": -1.1047209155029296,
        "rem_energy": -1.132318849907579,
        "z0z1_raw": -0.92724609375,
        "z0z1_rem": -0.9869350641525887,
        "raw_error_mHa": 31.468534497070433,
        "rem_error_mHa": 3.870600092421128,
        "rep": 3
      },
      {
        "raw_energy": -1.0963686635791015,
        "rem_energy": -1.124911492672042,
        "z0z1_raw": -0.91748046875,
        "z0z1_rem": -0.9797084026279146,
        "raw_error_mHa": 39.82078642089859,
        "rem_error_mHa": 11.277957327958,
        "rep": 4
      }
    ],
    "0.735": [
      {
        "raw_energy": -1.0966950413427734,
        "rem_energy": -1.1209664912573636,
        "z0z1_raw": -0.92529296875,