{
  "experiment": "H2 2-qubit VQE dissociation curve",
  "backend": "Tuna-9",
  "physical_qubits": [
    4,
    6
  ],
  "gate_set": "native (CZ, Ry, Rz, X)",
  "compile_stage": "routing",
  "shots_per_basis": 4096,
  "total_shots": 86016,
  "analyzed": "2026-02-14T21:16:53.416082+00:00",
  "job_map": {
    "0.5": {
      "X": 426697,
      "Y": 426698,
      "Z": 426699
    },
    "0.7": {
      "X": 426700,
      "Y": 426701,
      "Z": 426702
    },
    "0.735": {
      "X": 426703,
      "Y": 426704,
      "Z": 426705
    },
    "0.9": {
      "X": 426706,
      "Y": 426707,
      "Z": 426708
    },
    "1.1": {
      "X": 426709,
      "Y": 426710,
      "Z": 426711
    },
    "1.5": {
      "X": 426712,
      "Y": 426713,
      "Z": 426714
    },
    "2.0": {
      "X": 426715,
      "Y": 426716,
      "Z": 426717
    }
  },
  "results": [
    {
      "bond_distance": 0.5,
      "fci_energy": -1.05515976,
      "optimal_alpha": -0.143585,
      "g0": 0.12316306,
      "g1": 0.58307965,
      "g4": 0.08443511,
      "expvals": {
        "Z0": -0.937988,
        "Z1": 0.970215,
        "Z0Z1": -0.931641,
        "X0X1": -0.129395,
        "Y0Y1": -0.135254
      },
      "symmetry_Z0Z1": -0.9316,
      "energy": -1.01181697,
      "error_mHa": 43.3428,
      "sigma_mHa": 4.8798,
      "ps_energy": -1.01079871,
      "ps_error_mHa": 44.3611,
      "ps_sigma_mHa": 5.003,
      "ps_retention_pct": 94.99,
      "ps_symmetry_Z0Z1": -0.9317
    },
    {
      "bond_distance": 0.7,
      "fci_energy": -1.13618945,
      "optimal_alpha": -0.209565,
      "g0": -0.27643762,
      "g1": 0.42045571,
      "g4": 0.08950029,
      "expvals": {
        "Z0": -0.929199,
        "Z1": 0.949219,
        "Z0Z1": -0.936035,
        "X0X1": -0.190918,
        "Y0Y1": -0.200195
      },
      "symmetry_Z0Z1": -0.936,
      "energy": -1.10123393,
      "error_mHa": 34.9555,
      "sigma_mHa": 4.3964,
      "ps_energy": -1.09996259,
      "ps_error_mHa": 36.2269,
      "ps_sigma_mHa": 4.4907,
      "ps_retention_pct": 95.43,
      "ps_symmetry_Z0Z1": -0.9368
    },
    {
      "bond_distance": 0.735,
      "fci_energy": -1.13730604,
      "optimal_alpha": -0.22339,
      "g0": -0.32112409,
      "g1": 0.39793745,
      "g4": 0.0904656,
      "expvals": {
        "Z0": -0.932617,
        "Z1": 0.959473,
        "Z0Z1": -0.94873,
        "X0X1": -0.220703,
        "Y0Y1": -0.222656
      },
      "symmetry_Z0Z1": -0.9487,
      "energy": -1.11416627,
      "error_mHa": 23.1398,
      "sigma_mHa": 4.126,
      "ps_energy": -1.11505511,
      "ps_error_mHa": 22.2509,
      "ps_sigma_mHa": 4.0363,
      "ps_retention_pct": 94.78,
      "ps_symmetry_Z0Z1": -0.9486
    },
    {
      "bond_distance": 0.9,
      "fci_energy": -1.12056029,
      "optimal_alpha": -0.298167,
      "g0": -0.47233944,
      "g1": 0.30978731,
      "g4": 0.09528584,
      "expvals": {
        "Z0": -0.913086,
        "Z1": 0.945312,
        "Z0Z1": -0.935547,
        "X0X1": -0.263672,
        "Y0Y1": -0.26709
      },
      "symmetry_Z0Z1": -0.9355,
      "energy": -1.09862177,
      "error_mHa": 21.9385,
      "sigma_mHa": 3.8355,
      "ps_energy": -1.09874324,
      "ps_error_mHa": 21.817,
      "ps_sigma_mHa": 3.9611,
      "ps_retention_pct": 95.36,
      "ps_symmetry_Z0Z1": -0.9363
    },
    {
      "bond_distance": 1.1,
      "fci_energy": -1.07919296,
      "optimal_alpha": -0.413789,
      "g0": -0.5737471,
      "g1": 0.2313959,
      "g4": 0.10161111,
      "expvals": {
        "Z0": -0.871094,
        "Z1": 0.902832,
        "Z0Z1": -0.942871,
        "X0X1": -0.39209,
        "Y0Y1": -0.366211
      },
      "symmetry_Z0Z1": -0.9429,
      "energy": -1.06127804,
      "error_mHa": 17.9149,
      "sigma_mHa": 3.8528,
      "ps_energy": -1.06144351,
      "ps_error_mHa": 17.7494,
      "ps_sigma_mHa": 3.7725,
      "ps_retention_pct": 95.18,
      "ps_symmetry_Z0Z1": -0.9469
    },
    {
      "bond_distance": 1.5,
      "fci_energy": -0.99814937,
      "optimal_alpha": -0.726723,
      "g0": -0.65267092,
      "g1": 0.12910133,
      "g4": 0.11476796,
      "expvals": {
        "Z0": -0.696777,
        "Z1": 0.715332,
        "Z0Z1": -0.936523,
        "X0X1": -0.591309,
        "Y0Y1": -0.597656
      },
      "symmetry_Z0Z1": -0.9365,
      "energy": -0.97143119,
      "error_mHa": 26.7182,
      "sigma_mHa": 3.4638,
      "ps_energy": -0.9711996,
      "ps_error_mHa": 26.9498,
      "ps_sigma_mHa": 3.4403,
      "ps_retention_pct": 94.57,
      "ps_symmetry_Z0Z1": -0.9366
    },
    {
      "bond_distance": 2.0,
      "fci_energy": -0.94864112,
      "optimal_alpha": -1.133286,
      "g0": -0.66253664,
      "g1": 0.06062802,
      "g4": 0.12956923,
      "expvals": {
        "Z0": -0.375488,
        "Z1": 0.393555,
        "Z0Z1": -0.925293,
        "X0X1": -0.830078,
        "Y0Y1": -0.832031
      },
      "symmetry_Z0Z1": -0.9253,
      "energy": -0.92452042,
      "error_mHa": 24.1207,
      "sigma_mHa": 2.2884,
      "ps_energy": -0.92455012,
      "ps_error_mHa": 24.091,
      "ps_sigma_mHa": 2.4234,
      "ps_retention_pct": 95.06,
      "ps_symmetry_Z0Z1": -0.9261
    }
  ]
}