{
  "experiment": "H2 VQE R=2.0 strong correlation fix",
  "R": 2.0,
  "depth": 3,
  "n_params": 40,
  "E_HF": -0.7837926542773532,
  "E_FCI": -0.9486411121761857,
  "E_VQE": -0.9486411121761865,
  "error_mHa": 7.771561172376096e-13,
  "chemical_accuracy": true,
  "best_method": "L-BFGS-B",
  "optimal_params": [
    -4.9884002132949315e-09,
    3.1415924040059378,
    7.983807670190517e-09,
    -0.034201735813680606,
    0.061751066834480416,
    -1.5876741182450292e-08,
    -0.4301527443541545,
    1.6525850063260885,
    2.917467973499405e-08,
    -0.4386045303536708,
    0.7667727916662703,
    -4.690841642327379e-09,
    0.9682014181977292,
    -0.5803145911258444,
    0.5015156865230971,
    -0.28418337079774003,
    0.3505380471771712,
    -2.008452009231861,
    -0.7639695113254493,
    0.4648057000410791,
    -7.708660984116353e-09,
    0.7998532153064907,
    0.31031962229760224,
    1.218251482253992e-08,
    0.7810325163246064,
    -0.32125216396917505,
    0.5304214468243255,
    0.5215809376931309,
    -0.3366003710312448,
    1.9801220476470975e-08,
    -0.0970161776150717,
    -1.0959783958648242,
    1.4543786269199274e-08,
    -0.7859877985110967,
    -0.5761652987805237,
    1.8816993343020805e-08,
    0.7705701365740745,
    -0.3403143885571294,
    1.2013104908578176e-08,
    0.2079499478980247
  ],
  "ansatz": "Rz-Ry-Rz SU(2), depth=3, CNOT chain",
  "optimizers": "COBYLA(50) + L-BFGS-B(polish) + Nelder-Mead(25)"
}