{
  "schema_version": "1.0",
  "experiment_id": "kim2023-ising-tuna9",
  "paper": {
    "title": "Evidence for the utility of quantum computing before fault tolerance",
    "authors": "Kim et al.",
    "arxiv": "2302.11590",
    "journal": "Nature 618, 500-505 (2023)"
  },
  "topology": "tuna9",
  "n_qubits": 9,
  "noise_model": "depolarizing p=0.01",
  "mitigation": "ZNE gate folding (fold_factors=[1,3,5], Richardson extrapolation)",
  "note": "Original used 127 qubits on heavy-hex with PEA (learned Pauli-Lindblad). We use 9 qubits with basic ZNE.",
  "timestamp": "2026-02-10T21:31:43.208776",
  "depth_sweep": {
    "description": "M_z vs Trotter depth at theta_h=0 (Clifford condition, ideal M_z=1.0)",
    "theta_h": 0.0,
    "theta_j": -0.7853981633974483,
    "results": [
      {
        "trotter_steps": 1,
        "ideal_mz": 0.9999999999999994,
        "noisy_mz": 0.9721223392053892,
        "zne_mz": 0.9999834469146075,
        "zne_error": 1.6553085391946e-05,
        "zne_points": [
          [
            1,
            0.9721223392053892
          ],
          [
            3,
            0.9179699200009451
          ],
          [
            5,
            0.8659105624151592
          ]
        ]
      },
      {
        "trotter_steps": 2,
        "ideal_mz": 0.9999999999999987,
        "noisy_mz": 0.9450479992825538,
        "zne_mz": 0.9997389797250307,
        "zne_error": 0.0002610202749679935,
        "zne_points": [
          [
            1,
            0.9450479992825538
          ],
          [
            3,
            0.8428824579556303
          ],
          [
            5,
            0.7503388093727487
          ]
        ]
      },
      {
        "trotter_steps": 3,
        "ideal_mz": 0.9999999999999987,
        "noisy_mz": 0.9187531829723375,
        "zne_mz": 0.998992840232867,
        "zne_error": 0.0010071597671316157,
        "zne_points": [
          [
            1,
            0.9187531829723375
          ],
          [
            3,
            0.7741343849975261
          ],
          [
            5,
            0.6506629424177119
          ]
        ]
      },
      {
        "trotter_steps": 4,
        "ideal_mz": 0.9999999999999987,
        "noisy_mz": 0.8932148139298709,
        "zne_mz": 0.997547767472625,
        "zne_error": 0.002452232527373699,
        "zne_points": [
          [
            1,
            0.8932148139298709
          ],
          [
            3,
            0.7111760207616749
          ],
          [
            5,
            0.5646400461498958
          ]
        ]
      },
      {
        "trotter_steps": 5,
        "ideal_mz": 0.9999999999999987,
        "noisy_mz": 0.8684105144939731,
        "zne_mz": 0.9952681262304321,
        "zne_error": 0.004731873769566519,
        "zne_points": [
          [
            1,
            0.8684105144939731
          ],
          [
            3,
            0.653506397716882
          ],
          [
            5,
            0.49035042320089417
          ]
        ]
      },
      {
        "trotter_steps": 6,
        "ideal_mz": 0.9999999999999987,
        "noisy_mz": 0.8443185841516834,
        "zne_mz": 0.9920675910520332,
        "zne_error": 0.00793240894796543,
        "zne_points": [
          [
            1,
            0.8443185841516834
          ],
          [
            3,
            0.6006688681412427
          ],
          [
            5,
            0.4261502158511477
          ]
        ]
      },
      {
        "trotter_steps": 7,
        "ideal_mz": 0.9999999999999987,
        "noisy_mz": 0.8209179786759605,
        "zne_mz": 0.9878989694309894,
        "zne_error": 0.012101030569009241,
        "zne_points": [
          [
            1,
            0.8209179786759605
          ],
          [
            3,
            0.5522471127878272
          ],
          [
            5,
            0.37063106772892745
          ]
        ]
      },
      {
        "trotter_steps": 8,
        "ideal_mz": 0.9999999999999987,
        "noisy_mz": 0.7981882899152597,
        "zne_mz": 0.9827458139980445,
        "zne_error": 0.017254186001954164,
        "zne_points": [
          [
            1,
            0.7981882899152597
          ],
          [
            3,
            0.5078615141082916
          ],
          [
            5,
            0.3225857681127931
          ]
        ]
      },
      {
        "trotter_steps": 9,
        "ideal_mz": 0.9999999999999987,
        "noisy_mz": 0.776109726214413,
        "zne_mz": 0.9766155292853177,
        "zne_error": 0.02338447071468097,
        "zne_points": [
          [
            1,
            0.776109726214413
          ],
          [
            3,
            0.4671658603642641
          ],
          [
            5,
            0.28097898156966294
          ]
        ]
      },
      {
        "trotter_steps": 10,
        "ideal_mz": 0.9999999999999987,
        "noisy_mz": 0.7546630934468478,
        "zne_mz": 0.9695337256333546,
        "zne_error": 0.030466274366644064,
        "zne_points": [
          [
            1,
            0.7546630934468478
          ],
          [
            3,
            0.4298443500934356
          ],
          [
            5,
            0.24492230143282642
          ]
        ]
      }
    ]
  },
  "theta_sweep": {
    "description": "M_z vs theta_h sweep at fixed depth",
    "n_steps": 5,
    "theta_j": -0.7853981633974483,
    "results": [
      {
        "theta_h": 0.0,
        "theta_h_over_pi": 0.0,
        "ideal_mz": 0.9999999999999987,
        "noisy_mz": 0.8684105144939731,
        "zne_mz": 0.9952681262304321,
        "zne_error": 0.004731873769566519
      },
      {
        "theta_h": 0.15707963267948966,
        "theta_h_over_pi": 0.05,
        "ideal_mz": 0.9282728351197114,
        "noisy_mz": 0.7986789039952371,
        "zne_mz": 0.9227742377998154,
        "zne_error": 0.0054985973198959925
      },
      {
        "theta_h": 0.3141592653589793,
        "theta_h_over_pi": 0.1,
        "ideal_mz": 0.6262656708455197,
        "noisy_mz": 0.5304445775677261,
        "zne_mz": 0.6216743589751074,
        "zne_error": 0.004591311870412285
      },
      {
        "theta_h": 0.47123889803846897,
        "theta_h_over_pi": 0.15,
        "ideal_mz": 0.24101811914990334,
        "noisy_mz": 0.20090248530094693,
        "zne_mz": 0.2386086768142516,
        "zne_error": 0.0024094423356517403
      },
      {
        "theta_h": 0.6283185307179586,
        "theta_h_over_pi": 0.2,
        "ideal_mz": 0.02337012496883383,
        "noisy_mz": 0.023532235099354957,
        "zne_mz": 0.02469369478484187,
        "zne_error": 0.001323569816008039
      },
      {
        "theta_h": 0.7853981633974483,
        "theta_h_over_pi": 0.25,
        "ideal_mz": -1.2335811384723961e-17,
        "noisy_mz": -3.700743415417188e-17,
        "zne_mz": -6.938893903907222e-17,
        "zne_error": 5.705312765434827e-17
      },
      {
        "theta_h": 0.9424777960769379,
        "theta_h_over_pi": 0.3,
        "ideal_mz": -0.02337012496883383,
        "noisy_mz": -0.023532235099355068,
        "zne_mz": -0.024693694784842252,
        "zne_error": 0.0013235698160084207
      },
      {
        "theta_h": 1.0995574287564276,
        "theta_h_over_pi": 0.35,
        "ideal_mz": -0.24101811914990368,
        "noisy_mz": -0.20090248530094734,
        "zne_mz": -0.23860867681425188,
        "zne_error": 0.0024094423356517958
      },
      {
        "theta_h": 1.2566370614359172,
        "theta_h_over_pi": 0.4,
        "ideal_mz": -0.626265670845521,
        "noisy_mz": -0.5304445775677267,
        "zne_mz": -0.6216743589751079,
        "zne_error": 0.004591311870413062
      },
      {
        "theta_h": 1.413716694115407,
        "theta_h_over_pi": 0.45,
        "ideal_mz": -0.9282728351197126,
        "noisy_mz": -0.7986789039952377,
        "zne_mz": -0.9227742377998158,