{
  "experiment": "Single-qubit RB on all Tuna-9 qubits",
  "completed": "2026-02-15T17:59:27.918837+00:00",
  "backend": "Tuna-9",
  "n_qubits": 9,
  "n_shots": 1024,
  "seq_lengths": [
    1,
    4,
    8,
    16,
    32,
    64
  ],
  "n_seeds": 5,
  "results": {
    "q0": {
      "qubit": 0,
      "depolarizing_parameter_p": 0.9949831335441679,
      "error_per_clifford": 0.0025084332279160515,
      "average_gate_fidelity": 0.997491566772084,
      "fit_A": 0.99013050951114,
      "fit_B": 3.75729738877824e-08,
      "fit_uncertainties": {
        "A": 1.2068184129204633,
        "p": 0.0072044870600394065,
        "B": 1.2136088980146964
      },
      "sequence_data": {
        "1": {
          "mean": 0.97998046875,
          "std": 0.010712553822854383,
          "values": [
            0.9892578125,
            0.9853515625,
            0.98046875,
            0.96484375
          ]
        },
        "4": {
          "mean": 0.965625,
          "std": 0.008663380904772217,
          "values": [
            0.9609375,
            0.9599609375,
            0.958984375,
            0.9794921875,
            0.96875
          ]
        },
        "8": {
          "mean": 0.9521484375,
          "std": 0.015579156380413883,
          "values": [
            0.9443359375,
            0.931640625,
            0.9736328125,
            0.9541015625,
            0.95703125
          ]
        },
        "16": {
          "mean": 0.9333984375,
          "std": 0.026234838557734456,
          "values": [
            0.9580078125,
            0.919921875,
            0.9375,
            0.8955078125,
            0.9560546875
          ]
        },
        "32": {
          "mean": 0.830859375,
          "std": 0.11810028624988463,
          "values": [
            0.8828125,
            0.8955078125,
            0.8232421875,
            0.9228515625,
            0.6298828125
          ]
        },
        "64": {
          "mean": 0.71875,
          "std": 0.06590169069844917,
          "values": [
            0.625,
            0.76171875,
            0.78515625,
            0.677734375,
            0.744140625
          ]
        }
      }
    },
    "q1": {
      "qubit": 1,
      "depolarizing_parameter_p": 0.9726995688288195,
      "error_per_clifford": 0.013650215585590264,
      "average_gate_fidelity": 0.9863497844144098,
      "fit_A": 0.049570900050157934,
      "fit_B": 0.9482735524855221,
      "fit_uncertainties": {
        "A": 0.010654120683537915,
        "p": 0.013677157346943773,
        "B": 0.011852498604526524
      },
      "sequence_data": {
        "1": {
          "mean": 0.994384765625,
          "std": 0.00146484375,
          "values": [
            0.9931640625,
            0.9951171875,
            0.99609375,
            0.9931640625
          ]
        },
        "4": {
          "mean": 0.993359375,
          "std": 0.002117137049675664,
          "values": [
            0.990234375,
            0.9951171875,
            0.9921875,
            0.994140625,
            0.9951171875
          ]
        },
        "8": {
          "mean": 0.988671875,
          "std": 0.00342493709311527,
          "values": [
            0.984375,
            0.9931640625,
            0.9892578125,
            0.986328125,
            0.990234375
          ]
        },
        "16": {
          "mean": 0.983984375,
          "std": 0.0073922620577248285,
          "values": [
            0.994140625,
            0.9765625,
            0.98046875,
            0.9794921875,
            0.9892578125
          ]
        },
        "32": {
          "mean": 0.9642578125,
          "std": 0.006644931967267187,
          "values": [
            0.9697265625,
            0.9541015625,
            0.96875,
            0.9609375,
            0.9677734375
          ]
        },
        "64": {
          "mean": 0.9580078125,
          "std": 0.005393242684173467,
          "values": [
            0.955078125,
            0.9599609375,
            0.9609375,
            0.9501953125,
            0.9638671875
          ]
        }
      }
    },
    "q2": {
      "qubit": 2,
      "depolarizing_parameter_p": 0.9912693865088427,
      "error_per_clifford": 0.004365306745578668,
      "average_gate_fidelity": 0.9956346932544213,
      "fit_A": 0.10138038866445039,
      "fit_B": 0.8889913718550957,
      "fit_uncertainties": {
        "A": 0.12029331179413319,
        "p": 0.013817036734742426,
        "B": 0.12232176711821806
      },
      "sequence_data": {
        "1": {
          "mean": 0.988037109375,
          "std": 0.00537109375,
          "values": [
            0.9951171875,
            0.984375,
            0.9892578125,
            0.9833984375
          ]
        },
        "4": {
          "mean": 0.9908203125,
          "std": 0.002638526579317636,
          "values": [
            0.9873046875,
            0.994140625,
            0.9912109375,
            0.9892578125,
            0.9921875
          ]
        },
        "8": {
          "mean": 0.9787109375,
          "std": 0.01713025356374514,
          "values": [
            0.9482421875,
            0.9892578125,
            0.984375,
            0.9853515625,
            0.986328125
          ]
        },
        "16": {
          "mean": 0.9806640625,
          "std": 0.00708933258315685,
          "values": [
            0.9921875,
            0.9794921875,
            0.9794921875,
            0.9794921875,
            0.97265625
          ]
        },
        "32": {
          "mean": 0.9640625,
          "std": 0.010728862474197085,
          "values": [
            0.9599609375,
            0.9677734375,
            0.94921875,
            0.978515625,
            0.96484375
          ]
        },
        "64": {
          "mean": 0.9470703125,
          "std": 0.00688459247344319,
          "values": [
            0.951171875,
            0.9501953125,
            0.9423828125,
            0.9541015625,
            0.9375
          ]
        }
      }
    },
    "q3": {
      "qubit": 3,
      "depolarizing_parameter_p": 0.9876175130957731,
      "error_per_clifford": 0.006191243452113471,
      "average_gate_fidelity": 0.9938087565478866,
      "fit_A": 0.0799208338528237,
      "fit_B": 0.9183587415567264,
      "fit_uncertainties": {
        "A": 0.015191742896494744,
        "p": 0.003546830355164713,
        "B": 0.01569551488495387
      },
      "sequence_data": {
        "1": {
          "mean": 0.9970703125,
          "std": 0.001594719884624465,
          "values": [
            0.9990234375,
            0.9970703125,
            0.9970703125,
            0.9951171875
          ]
        },
        "4": {
          "mean": 0.994921875,
          "std": 0.002620392161132566,
          "values": [
            0.99609375,
            0.9912109375,
            0.9970703125,
            0.9931640625,
            0.9970703125
          ]
        },
        "8": {
          "mean": 0.9896484375,
          "std": 0.004399953252370629,
          "values": [
            0.9912109375,
            0.994140625,
            0.9892578125,
            0.9912109375,
            0.982421875
          ]
        },
        "16": {
          "mean": 0.98515625,
          "std": 0.004443091080498955,
          "values": [
            0.9892578125,
            0.9892578125,
            0.984375,
            0.978515625,
            0.984375
          ]
        },
        "32": {
          "mean": 0.9712890625,
          "std": 0.00649982862980224,
          "values": [
            0.9736328125,
            0.9765625,
            0.9599609375,
            0.97265625,
            0.9736328125
          ]
        },
        "64": {
          "mean": 0.9544921875,
          "std": 0.0060829732431239986,