{
  "id": "sagastizabal2019-sv-replication",
  "type": "vqe_h2_symmetry_verification",
  "paper": {
    "title": "Error Mitigation by Symmetry Verification on a VQE",
    "authors": "Sagastizabal et al.",
    "arxiv": "1902.11258",
    "journal": "Phys. Rev. A 100, 010302(R) (2019)"
  },
  "methodology": {
    "mapping": "Jordan-Wigner (4 qubits; paper used 2-qubit BK \u2014 physics identical)",
    "ansatz": "DoubleExcitation (equivalent to paper's exchange gate in JW basis)",
    "symmetry_operator": "S = Z\u2080Z\u2081Z\u2082Z\u2083 (total particle number parity)",
    "symmetry_eigenvalue": "+1 (2 electrons = even)",
    "protocol": "For each Pauli term P: \u27e8P\u27e9_SV = (\u27e8P\u27e9 + s\u00b7\u27e8S\u00b7P\u27e9) / (1 + s\u00b7\u27e8S\u27e9). S\u00b7P computed algebraically (Pauli multiplication). No additional circuits \u2014 \u27e8S\u00b7P\u27e9 measured from same bases as \u27e8P\u27e9.",
    "noise_model": "ideal",
    "shots_per_term": 100000
  },
  "backend": "emulator (pennylane statevector + shot noise)",
  "generated": "2026-02-13T14:11:50.295669+00:00",
  "results_by_distance": [
    {
      "bond_distance": 0.25,
      "fci_energy": -0.3122699027007907,
      "vqe_energy": -0.3122699027007906,
      "optimal_theta": 0.09121654398949329,
      "energy_raw": -0.31193163083698555,
      "energy_sv": -0.3119801021223566,
      "error_raw_mHa": 0.3382718638051396,
      "error_sv_mHa": 0.28980057843408513,
      "error_raw_kcal": 0.21226863898449938,
      "error_sv_kcal": 0.18185247117259434,
      "improvement_factor": 1.167257379653848,
      "chemical_accuracy_raw": true,
      "chemical_accuracy_sv": true,
      "symmetry_expectation": 1.0,
      "n_hamiltonian_terms": 14,
      "n_measurement_strings": 20
    },
    {
      "bond_distance": 0.5,
      "fci_energy": -1.0551597944706248,
      "vqe_energy": -1.0551597944706221,
      "optimal_theta": 0.14380929598133868,
      "energy_raw": -1.0552631459974808,
      "energy_sv": -1.05526364142546,
      "error_raw_mHa": 0.10335152685603255,
      "error_sv_mHa": 0.10384695483511841,
      "error_raw_kcal": 0.06485401326590214,
      "error_sv_kcal": 0.06516489878163031,
      "improvement_factor": 0.9952292488511342,
      "chemical_accuracy_raw": true,
      "chemical_accuracy_sv": true,
      "symmetry_expectation": 1.0,
      "n_hamiltonian_terms": 14,
      "n_measurement_strings": 20
    },
    {
      "bond_distance": 0.75,
      "fci_energy": -1.1371170673457311,
      "vqe_energy": -1.137117067345729,
      "optimal_theta": 0.22966618515793435,
      "energy_raw": -1.1372432563664823,
      "energy_sv": -1.137211089842956,
      "error_raw_mHa": 0.12618902075112182,
      "error_sv_mHa": 0.09402249722478828,
      "error_raw_kcal": 0.0791847462225157,
      "error_sv_kcal": 0.05899996321102967,
      "improvement_factor": 1.3421151796195123,
      "chemical_accuracy_raw": true,
      "chemical_accuracy_sv": true,
      "symmetry_expectation": 1.0,
      "n_hamiltonian_terms": 14,
      "n_measurement_strings": 20
    },
    {
      "bond_distance": 1.0,
      "fci_energy": -1.1011503302326182,
      "vqe_energy": -1.1011503302326187,
      "optimal_theta": 0.3524376877915959,
      "energy_raw": -1.1007805623447846,
      "energy_sv": -1.1009132567119988,
      "error_raw_mHa": 0.36976788783360526,
      "error_sv_mHa": 0.237073520619413,
      "error_raw_kcal": 0.2320326775265778,
      "error_sv_kcal": 0.14876576785036724,
      "improvement_factor": 1.559718212592851,
      "chemical_accuracy_raw": true,
      "chemical_accuracy_sv": true,
      "symmetry_expectation": 1.0,
      "n_hamiltonian_terms": 14,
      "n_measurement_strings": 20
    },
    {
      "bond_distance": 1.1,
      "fci_energy": -1.079192944969075,
      "vqe_energy": -1.0791929449690747,
      "optimal_theta": 0.4137713583297066,
      "energy_raw": -1.0794863614638086,
      "energy_sv": -1.0795025573123165,
      "error_raw_mHa": 0.29341649473368925,
      "error_sv_mHa": 0.30961234324156095,
      "error_raw_kcal": 0.1841214911938426,
      "error_sv_kcal": 0.19428453189516867,
      "improvement_factor": 0.9476899133338633,
      "chemical_accuracy_raw": true,
      "chemical_accuracy_sv": true,
      "symmetry_expectation": 1.0,
      "n_hamiltonian_terms": 14,
      "n_measurement_strings": 20
    },
    {
      "bond_distance": 1.2,
      "fci_energy": -1.0567407463052576,
      "vqe_energy": -1.056740746305257,
      "optimal_theta": 0.48264867813763085,
      "energy_raw": -1.0572835110355916,
      "energy_sv": -1.0570184442172854,
      "error_raw_mHa": 0.5427647303339889,
      "error_sv_mHa": 0.2776979120278078,
      "error_raw_kcal": 0.340589753167151,
      "error_sv_kcal": 0.17425793907865766,
      "improvement_factor": 1.9545149849007077,
      "chemical_accuracy_raw": true,
      "chemical_accuracy_sv": true,
      "symmetry_expectation": 1.0,
      "n_hamiltonian_terms": 14,
      "n_measurement_strings": 20
    },
    {
      "bond_distance": 1.3,
      "fci_energy": -1.035186266434255,
      "vqe_energy": -1.035186266434252,
      "optimal_theta": 0.5586672399254762,
      "energy_raw": -1.034799320410439,
      "energy_sv": -1.0347475066919256,
      "error_raw_mHa": 0.38694602381594834,
      "error_sv_mHa": 0.43875974232943094,
      "error_raw_kcal": 0.24281211245872192,
      "error_sv_kcal": 0.27532568714939887,
      "improvement_factor": 0.8819086768571861,
      "chemical_accuracy_raw": true,
      "chemical_accuracy_sv": true,
      "symmetry_expectation": 1.0,
      "n_hamiltonian_terms": 14,
      "n_measurement_strings": 20
    },
    {
      "bond_distance": 1.4,
      "fci_energy": -1.0154682492882459,
      "vqe_energy": -1.0154682492882448,
      "optimal_theta": 0.6406499844703303,
      "energy_raw": -1.0159474285065926,
      "energy_sv": -1.0159925108653614,
      "error_raw_mHa": 0.47917921834672583,
      "error_sv_mHa": 0.5242615771154924,
      "error_raw_kcal": 0.3006892721255356,
      "error_sv_kcal": 0.3289788579941655,
      "improvement_factor": 0.9140078908379832,
      "chemical_accuracy_raw": true,
      "chemical_accuracy_sv": true,
      "symmetry_expectation": 1.0,
      "n_hamiltonian_terms": 14,
      "n_measurement_strings": 20
    },
    {
      "bond_distance": 1.5,
      "fci_energy": -0.9981493534714101,
      "vqe_energy": -0.9981493534713897,
      "optimal_theta": 0.7266906533062983,
      "energy_raw": -0.9983476968628043,
      "energy_sv": -0.9982353429977402,
      "error_raw_mHa": 0.19834339139424007,
      "error_sv_mHa": 0.08598952633009915,
      "error_raw_kcal": 0.12446226319040819,
      "error_sv_kcal": 0.05395920167787419,
      "improvement_factor": 2.3065994180830063,
      "chemical_accuracy_raw": true,
      "chemical_accuracy_sv": true,
      "symmetry_expectation": 0.9999999999612948,
      "n_hamiltonian_terms": 14,
      "n_measurement_strings": 20
    },
    {
      "bond_distance": 1.6,
      "fci_energy": -0.9834727290331733,
      "vqe_energy": -0.9834727290331684,
      "optimal_theta": 0.8143609789506747,
      "energy_raw": -0.9831430296768889,
      "energy_sv": -0.9829692965089583,
      "error_raw_mHa": 0.329699356284352,
      "error_sv_mHa": 0.5034325242150306,
      "error_raw_kcal": 0.20688931336263744,
      "error_sv_kcal": 0.31590843983764966,
      "improvement_factor": 0.6549027733129293,
      "chemical_accuracy_raw": true,
      "chemical_accuracy_sv": true,
      "symmetry_expectation": 0.9999999999806364,
      "n_hamiltonian_terms": 14,
      "n_measurement_strings": 20
    },
    {
      "bond_distance": 1.8,
      "fci_energy": -0.961816952792581,
      "vqe_energy": -0.9618169527925744,
      "optimal_theta": 0.9842606283106545,
      "energy_raw": -0.9618053769854527,
      "energy_sv": -0.9618791840210056,
      "error_raw_mHa": 0.011575807128294535,
      "error_sv_mHa": 0.06223122842463624,
      "error_raw_kcal": 0.007263923155268976,