{
  "id": "sagastizabal2019-sv-replication",
  "type": "vqe_h2_symmetry_verification",
  "paper": {
    "title": "Error Mitigation by Symmetry Verification on a VQE",
    "authors": "Sagastizabal et al.",
    "arxiv": "1902.11258",
    "journal": "Phys. Rev. A 100, 010302(R) (2019)"
  },
  "methodology": {
    "mapping": "Jordan-Wigner (4 qubits; paper used 2-qubit BK \u2014 physics identical)",
    "ansatz": "DoubleExcitation (equivalent to paper's exchange gate in JW basis)",
    "symmetry_operator": "S = Z\u2080Z\u2081Z\u2082Z\u2083 (total particle number parity)",
    "symmetry_eigenvalue": "+1 (2 electrons = even)",
    "protocol": "For each Pauli term P: \u27e8P\u27e9_SV = (\u27e8P\u27e9 + s\u00b7\u27e8S\u00b7P\u27e9) / (1 + s\u00b7\u27e8S\u27e9). S\u00b7P computed algebraically (Pauli multiplication). No additional circuits \u2014 \u27e8S\u00b7P\u27e9 measured from same bases as \u27e8P\u27e9.",
    "noise_model": "depolarizing p=0.1",
    "shots_per_term": 8192
  },
  "backend": "emulator (pennylane statevector + shot noise)",
  "generated": "2026-02-13T14:11:50.971203+00:00",
  "results_by_distance": [
    {
      "bond_distance": 0.25,
      "fci_energy": -0.3122699027007907,
      "vqe_energy": -0.3122699027007906,
      "optimal_theta": 0.09121654398949329,
      "energy_raw": -0.10840561207268855,
      "energy_sv": -0.20158352715868716,
      "error_raw_mHa": 203.86429062810214,
      "error_sv_mHa": 110.68637554210353,
      "error_raw_kcal": 127.92667714774974,
      "error_sv_kcal": 69.45669683004985,
      "improvement_factor": 1.841819190750853,
      "chemical_accuracy_raw": false,
      "chemical_accuracy_sv": false,
      "symmetry_expectation": 0.9037458058579332,
      "n_hamiltonian_terms": 14,
      "n_measurement_strings": 20
    },
    {
      "bond_distance": 0.5,
      "fci_energy": -1.0551597944706248,
      "vqe_energy": -1.0551597944706221,
      "optimal_theta": 0.14380929598133868,
      "energy_raw": -0.9111699061106431,
      "energy_sv": -0.9717864070226797,
      "error_raw_mHa": 143.98988835998173,
      "error_sv_mHa": 83.37338744794509,
      "error_raw_kcal": 90.35495085488377,
      "error_sv_kcal": 52.317550984072575,
      "improvement_factor": 1.727048555510391,
      "chemical_accuracy_raw": false,
      "chemical_accuracy_sv": false,
      "symmetry_expectation": 0.9103140644220553,
      "n_hamiltonian_terms": 14,
      "n_measurement_strings": 20
    },
    {
      "bond_distance": 0.75,
      "fci_energy": -1.1371170673457311,
      "vqe_energy": -1.137117067345729,
      "optimal_theta": 0.22966618515793435,
      "energy_raw": -1.0360691682132122,
      "energy_sv": -1.0843874390860377,
      "error_raw_mHa": 101.04789913251899,
      "error_sv_mHa": 52.729628259693406,
      "error_raw_kcal": 63.40846613674786,
      "error_sv_kcal": 33.088316299611954,
      "improvement_factor": 1.9163400628363643,
      "chemical_accuracy_raw": false,
      "chemical_accuracy_sv": false,
      "symmetry_expectation": 0.9003254573142695,
      "n_hamiltonian_terms": 14,
      "n_measurement_strings": 20
    },
    {
      "bond_distance": 1.0,
      "fci_energy": -1.1011503302326182,
      "vqe_energy": -1.1011503302326187,
      "optimal_theta": 0.3524376877915959,
      "energy_raw": -1.025405891563443,
      "energy_sv": -1.06130223139801,
      "error_raw_mHa": 75.74443866917524,
      "error_sv_mHa": 39.84809883460816,
      "error_raw_kcal": 47.53031696485549,
      "error_sv_kcal": 25.00504065160613,
      "improvement_factor": 1.9008294218390924,
      "chemical_accuracy_raw": false,
      "chemical_accuracy_sv": false,
      "symmetry_expectation": 0.9041319676067431,
      "n_hamiltonian_terms": 14,
      "n_measurement_strings": 20
    },
    {
      "bond_distance": 1.1,
      "fci_energy": -1.079192944969075,
      "vqe_energy": -1.0791929449690747,
      "optimal_theta": 0.4137713583297066,
      "energy_raw": -1.009056664954449,
      "energy_sv": -1.042249746939822,
      "error_raw_mHa": 70.13628001462591,
      "error_sv_mHa": 36.94319802925294,
      "error_raw_kcal": 44.01114693569789,
      "error_sv_kcal": 23.182189252138485,
      "improvement_factor": 1.8984896748540692,
      "chemical_accuracy_raw": false,
      "chemical_accuracy_sv": false,
      "symmetry_expectation": 0.9000601710315935,
      "n_hamiltonian_terms": 14,
      "n_measurement_strings": 20
    },
    {
      "bond_distance": 1.2,
      "fci_energy": -1.0567407463052576,
      "vqe_energy": -1.056740746305257,
      "optimal_theta": 0.48264867813763085,
      "energy_raw": -0.9978454463781206,
      "energy_sv": -1.028485270506353,
      "error_raw_mHa": 58.895299927137046,
      "error_sv_mHa": 28.25547579890464,
      "error_raw_kcal": 36.95733076197784,
      "error_sv_kcal": 17.73056536309485,
      "improvement_factor": 2.0843853540565824,
      "chemical_accuracy_raw": false,
      "chemical_accuracy_sv": false,
      "symmetry_expectation": 0.8954247427668592,
      "n_hamiltonian_terms": 14,
      "n_measurement_strings": 20
    },
    {
      "bond_distance": 1.3,
      "fci_energy": -1.035186266434255,
      "vqe_energy": -1.035186266434252,
      "optimal_theta": 0.5586672399254762,
      "energy_raw": -0.9753807599542409,
      "energy_sv": -1.0023275010446224,
      "error_raw_mHa": 59.805506480014145,
      "error_sv_mHa": 32.858765389632616,
      "error_raw_kcal": 37.5284935657672,
      "error_sv_kcal": 20.619171010882972,
      "improvement_factor": 1.8200777104937604,
      "chemical_accuracy_raw": false,
      "chemical_accuracy_sv": false,
      "symmetry_expectation": 0.9017186726205279,
      "n_hamiltonian_terms": 14,
      "n_measurement_strings": 20
    },
    {
      "bond_distance": 1.4,
      "fci_energy": -1.0154682492882459,
      "vqe_energy": -1.0154682492882448,
      "optimal_theta": 0.6406499844703303,
      "energy_raw": -0.9640727775423378,
      "energy_sv": -0.9911798532547487,
      "error_raw_mHa": 51.39547174590808,
      "error_sv_mHa": 24.288396033497193,
      "error_raw_kcal": 32.251121079803035,
      "error_sv_kcal": 15.241187106583792,
      "improvement_factor": 2.116050466034329,
      "chemical_accuracy_raw": false,
      "chemical_accuracy_sv": false,
      "symmetry_expectation": 0.8960849176003751,
      "n_hamiltonian_terms": 14,
      "n_measurement_strings": 20
    },
    {
      "bond_distance": 1.5,
      "fci_energy": -0.9981493534714101,
      "vqe_energy": -0.9981493534713897,
      "optimal_theta": 0.7266906533062983,
      "energy_raw": -0.9482943695602071,
      "energy_sv": -0.9728745469058542,
      "error_raw_mHa": 49.85498391120302,
      "error_sv_mHa": 25.27480656555592,
      "error_raw_kcal": 31.284451099135097,
      "error_sv_kcal": 15.86016859314543,
      "improvement_factor": 1.9725169323014544,
      "chemical_accuracy_raw": false,
      "chemical_accuracy_sv": false,
      "symmetry_expectation": 0.8960442441037006,
      "n_hamiltonian_terms": 14,
      "n_measurement_strings": 20
    },
    {
      "bond_distance": 1.6,
      "fci_energy": -0.9834727290331733,
      "vqe_energy": -0.9834727290331684,
      "optimal_theta": 0.8143609789506747,
      "energy_raw": -0.9327813131645859,
      "energy_sv": -0.9550604298875398,
      "error_raw_mHa": 50.691415868587384,
      "error_sv_mHa": 28.41229914563348,
      "error_raw_kcal": 31.8093196802814,
      "error_sv_kcal": 17.82897342457732,
      "improvement_factor": 1.7841363561870653,
      "chemical_accuracy_raw": false,
      "chemical_accuracy_sv": false,
      "symmetry_expectation": 0.8980209956437868,
      "n_hamiltonian_terms": 14,
      "n_measurement_strings": 20
    },
    {
      "bond_distance": 1.8,
      "fci_energy": -0.961816952792581,
      "vqe_energy": -0.9618169527925744,
      "optimal_theta": 0.9842606283106545,
      "energy_raw": -0.9200864347222465,
      "energy_sv": -0.9397318713259615,
      "error_raw_mHa": 41.730518070334455,