{
  "id": "sagastizabal2019-sv-replication",
  "type": "vqe_h2_symmetry_verification",
  "paper": {
    "title": "Error Mitigation by Symmetry Verification on a VQE",
    "authors": "Sagastizabal et al.",
    "arxiv": "1902.11258",
    "journal": "Phys. Rev. A 100, 010302(R) (2019)"
  },
  "methodology": {
    "mapping": "Jordan-Wigner (4 qubits; paper used 2-qubit BK \u2014 physics identical)",
    "ansatz": "DoubleExcitation (equivalent to paper's exchange gate in JW basis)",
    "symmetry_operator": "S = Z\u2080Z\u2081Z\u2082Z\u2083 (total particle number parity)",
    "symmetry_eigenvalue": "+1 (2 electrons = even)",
    "protocol": "For each Pauli term P: \u27e8P\u27e9_SV = (\u27e8P\u27e9 + s\u00b7\u27e8S\u00b7P\u27e9) / (1 + s\u00b7\u27e8S\u27e9). S\u00b7P computed algebraically (Pauli multiplication). No additional circuits \u2014 \u27e8S\u00b7P\u27e9 measured from same bases as \u27e8P\u27e9.",
    "noise_model": "depolarizing p=0.05",
    "shots_per_term": 8192
  },
  "backend": "emulator (pennylane statevector + shot noise)",
  "generated": "2026-02-13T14:11:50.645427+00:00",
  "results_by_distance": [
    {
      "bond_distance": 0.25,
      "fci_energy": -0.3122699027007907,
      "vqe_energy": -0.3122699027007906,
      "optimal_theta": 0.09121654398949329,
      "energy_raw": -0.20996334902327748,
      "energy_sv": -0.25727815823259936,
      "error_raw_mHa": 102.30655367751321,
      "error_sv_mHa": 54.99174446819133,
      "error_raw_kcal": 64.19828319162264,
      "error_sv_kcal": 34.50781457949027,
      "improvement_factor": 1.860398404649447,
      "chemical_accuracy_raw": false,
      "chemical_accuracy_sv": false,
      "symmetry_expectation": 0.9526833095224478,
      "n_hamiltonian_terms": 14,
      "n_measurement_strings": 20
    },
    {
      "bond_distance": 0.5,
      "fci_energy": -1.0551597944706248,
      "vqe_energy": -1.0551597944706221,
      "optimal_theta": 0.14380929598133868,
      "energy_raw": -0.9832748417318924,
      "energy_sv": -1.0129536243012145,
      "error_raw_mHa": 71.88495273873241,
      "error_sv_mHa": 42.206170169410306,
      "error_raw_kcal": 45.10845480812924,
      "error_sv_kcal": 26.484751636836492,
      "improvement_factor": 1.703185871880703,
      "chemical_accuracy_raw": false,
      "chemical_accuracy_sv": false,
      "symmetry_expectation": 0.9573884841682939,
      "n_hamiltonian_terms": 14,
      "n_measurement_strings": 20
    },
    {
      "bond_distance": 0.75,
      "fci_energy": -1.1371170673457311,
      "vqe_energy": -1.137117067345729,
      "optimal_theta": 0.22966618515793435,
      "energy_raw": -1.0870490295229513,
      "energy_sv": -1.1117829832152264,
      "error_raw_mHa": 50.0680378227798,
      "error_sv_mHa": 25.334084130504753,
      "error_raw_kcal": 31.418144346134728,
      "error_sv_kcal": 15.897365798648908,
      "improvement_factor": 1.9763113426505483,
      "chemical_accuracy_raw": false,
      "chemical_accuracy_sv": false,
      "symmetry_expectation": 0.9502331414770683,
      "n_hamiltonian_terms": 14,
      "n_measurement_strings": 20
    },
    {
      "bond_distance": 1.0,
      "fci_energy": -1.1011503302326182,
      "vqe_energy": -1.1011503302326187,
      "optimal_theta": 0.3524376877915959,
      "energy_raw": -1.063317728305866,
      "energy_sv": -1.081667494601314,
      "error_raw_mHa": 37.832601926752304,
      "error_sv_mHa": 19.48283563130415,
      "error_raw_kcal": 23.740298202454415,
      "error_sv_kcal": 12.225654704164038,
      "improvement_factor": 1.9418426887492994,
      "chemical_accuracy_raw": false,
      "chemical_accuracy_sv": false,
      "symmetry_expectation": 0.9529599366454452,
      "n_hamiltonian_terms": 14,
      "n_measurement_strings": 20
    },
    {
      "bond_distance": 1.1,
      "fci_energy": -1.079192944969075,
      "vqe_energy": -1.0791929449690747,
      "optimal_theta": 0.4137713583297066,
      "energy_raw": -1.044354764596928,
      "energy_sv": -1.0614574388594877,
      "error_raw_mHa": 34.83818037214692,
      "error_sv_mHa": 17.735506109587185,
      "error_raw_kcal": 21.861271727145542,
      "error_sv_kcal": 11.129189703320945,
      "improvement_factor": 1.9643183654801166,
      "chemical_accuracy_raw": false,
      "chemical_accuracy_sv": false,
      "symmetry_expectation": 0.950043103542515,
      "n_hamiltonian_terms": 14,
      "n_measurement_strings": 20
    },
    {
      "bond_distance": 1.2,
      "fci_energy": -1.0567407463052576,
      "vqe_energy": -1.056740746305257,
      "optimal_theta": 0.48264867813763085,
      "energy_raw": -1.0288162843942523,
      "energy_sv": -1.0443870164277473,
      "error_raw_mHa": 27.92446191100528,
      "error_sv_mHa": 12.353729877510267,
      "error_raw_kcal": 17.522851169313014,
      "error_sv_kcal": 7.7520766817065905,
      "improvement_factor": 2.260407357768219,
      "chemical_accuracy_raw": false,
      "chemical_accuracy_sv": false,
      "symmetry_expectation": 0.9467225126536298,
      "n_hamiltonian_terms": 14,
      "n_measurement_strings": 20
    },
    {
      "bond_distance": 1.3,
      "fci_energy": -1.035186266434255,
      "vqe_energy": -1.035186266434252,
      "optimal_theta": 0.5586672399254762,
      "energy_raw": -1.004648123656976,
      "energy_sv": -1.0183254039598686,
      "error_raw_mHa": 30.538142777279063,
      "error_sv_mHa": 16.86086247438645,
      "error_raw_kcal": 19.16295943602761,
      "error_sv_kcal": 10.580342950439768,
      "improvement_factor": 1.8111850935069271,
      "chemical_accuracy_raw": false,
      "chemical_accuracy_sv": false,
      "symmetry_expectation": 0.9512311718181724,
      "n_hamiltonian_terms": 14,
      "n_measurement_strings": 20
    },
    {
      "bond_distance": 1.4,
      "fci_energy": -1.0154682492882459,
      "vqe_energy": -1.0154682492882448,
      "optimal_theta": 0.6406499844703303,
      "energy_raw": -0.990810087167563,
      "energy_sv": -1.0050374249429246,
      "error_raw_mHa": 24.658162120682835,
      "error_sv_mHa": 10.430824345321277,
      "error_raw_kcal": 15.473218654187566,
      "error_sv_kcal": 6.545436154108209,
      "improvement_factor": 2.363970603315087,
      "chemical_accuracy_raw": false,
      "chemical_accuracy_sv": false,
      "symmetry_expectation": 0.9471954291593002,
      "n_hamiltonian_terms": 14,
      "n_measurement_strings": 20
    },
    {
      "bond_distance": 1.5,
      "fci_energy": -0.9981493534714101,
      "vqe_energy": -0.9981493534713897,
      "optimal_theta": 0.7266906533062983,
      "energy_raw": -0.9735693541446756,
      "energy_sv": -0.9862229363734416,
      "error_raw_mHa": 24.57999932673449,
      "error_sv_mHa": 11.92641709796849,
      "error_raw_kcal": 15.424170797519835,
      "error_sv_kcal": 7.483934066729109,
      "improvement_factor": 2.0609709625970885,
      "chemical_accuracy_raw": false,
      "chemical_accuracy_sv": false,
      "symmetry_expectation": 0.947166292683712,
      "n_hamiltonian_terms": 14,
      "n_measurement_strings": 20
    },
    {
      "bond_distance": 1.6,
      "fci_energy": -0.9834727290331733,
      "vqe_energy": -0.9834727290331684,
      "optimal_theta": 0.8143609789506747,
      "energy_raw": -0.9571981279082868,
      "energy_sv": -0.9684766869495666,
      "error_raw_mHa": 26.274601124886445,
      "error_sv_mHa": 14.99604208360672,
      "error_raw_kcal": 16.48754867727637,
      "error_sv_kcal": 9.41015137184197,
      "improvement_factor": 1.752102386643016,
      "chemical_accuracy_raw": false,
      "chemical_accuracy_sv": false,
      "symmetry_expectation": 0.9485823394389897,
      "n_hamiltonian_terms": 14,
      "n_measurement_strings": 20
    },
    {
      "bond_distance": 1.8,
      "fci_energy": -0.961816952792581,
      "vqe_energy": -0.9618169527925744,
      "optimal_theta": 0.9842606283106545,
      "energy_raw": -0.9413746732197317,
      "energy_sv": -0.9512786841594094,
      "error_raw_mHa": 20.442279572849277,