{
  "id": "sagastizabal2019-sv-replication",
  "type": "vqe_h2_symmetry_verification",
  "paper": {
    "title": "Error Mitigation by Symmetry Verification on a VQE",
    "authors": "Sagastizabal et al.",
    "arxiv": "1902.11258",
    "journal": "Phys. Rev. A 100, 010302(R) (2019)"
  },
  "methodology": {
    "mapping": "Jordan-Wigner (4 qubits; paper used 2-qubit BK \u2014 physics identical)",
    "ansatz": "DoubleExcitation (equivalent to paper's exchange gate in JW basis)",
    "symmetry_operator": "S = Z\u2080Z\u2081Z\u2082Z\u2083 (total particle number parity)",
    "symmetry_eigenvalue": "+1 (2 electrons = even)",
    "protocol": "For each Pauli term P: \u27e8P\u27e9_SV = (\u27e8P\u27e9 + s\u00b7\u27e8S\u00b7P\u27e9) / (1 + s\u00b7\u27e8S\u27e9). S\u00b7P computed algebraically (Pauli multiplication). No additional circuits \u2014 \u27e8S\u00b7P\u27e9 measured from same bases as \u27e8P\u27e9.",
    "noise_model": "depolarizing p=0.15",
    "shots_per_term": 8192
  },
  "backend": "emulator (pennylane statevector + shot noise)",
  "generated": "2026-02-13T14:11:51.302625+00:00",
  "results_by_distance": [
    {
      "bond_distance": 0.25,
      "fci_energy": -0.3122699027007907,
      "vqe_energy": -0.3122699027007906,
      "optimal_theta": 0.09121654398949329,
      "energy_raw": -0.006854779477510185,
      "energy_sv": -0.14317998665816759,
      "error_raw_mHa": 305.4151232232805,
      "error_sv_mHa": 169.08991604262312,
      "error_raw_kcal": 191.65073855871753,
      "error_sv_kcal": 106.10544412599039,
      "improvement_factor": 1.8062290784170325,
      "chemical_accuracy_raw": false,
      "chemical_accuracy_sv": false,
      "symmetry_expectation": 0.8545268901683385,
      "n_hamiltonian_terms": 14,
      "n_measurement_strings": 20
    },
    {
      "bond_distance": 0.5,
      "fci_energy": -1.0551597944706248,
      "vqe_energy": -1.0551597944706221,
      "optimal_theta": 0.14380929598133868,
      "energy_raw": -0.8391488140369734,
      "energy_sv": -0.9291730015321036,
      "error_raw_mHa": 216.0109804336514,
      "error_sv_mHa": 125.98679293852122,
      "error_raw_kcal": 135.54883432094016,
      "error_sv_kcal": 79.05784645005852,
      "improvement_factor": 1.7145525764677574,
      "chemical_accuracy_raw": false,
      "chemical_accuracy_sv": false,
      "symmetry_expectation": 0.8624647775668692,
      "n_hamiltonian_terms": 14,
      "n_measurement_strings": 20
    },
    {
      "bond_distance": 0.75,
      "fci_energy": -1.1371170673457311,
      "vqe_energy": -1.137117067345729,
      "optimal_theta": 0.22966618515793435,
      "energy_raw": -0.9849917486624811,
      "energy_sv": -1.0554345250710395,
      "error_raw_mHa": 152.12531868325007,
      "error_sv_mHa": 81.68254227469163,
      "error_raw_kcal": 95.46000660160757,
      "error_sv_kcal": 51.25653042024947,
      "improvement_factor": 1.8623969632539745,
      "chemical_accuracy_raw": false,
      "chemical_accuracy_sv": false,
      "symmetry_expectation": 0.8503933224443707,
      "n_hamiltonian_terms": 14,
      "n_measurement_strings": 20
    },
    {
      "bond_distance": 1.0,
      "fci_energy": -1.1011503302326182,
      "vqe_energy": -1.1011503302326187,
      "optimal_theta": 0.3524376877915959,
      "energy_raw": -0.987276619982669,
      "energy_sv": -1.0397277333329826,
      "error_raw_mHa": 113.87371024994918,
      "error_sv_mHa": 61.422596899635586,
      "error_raw_kcal": 71.45677804523537,
      "error_sv_kcal": 38.54323235789343,
      "improvement_factor": 1.8539383874637967,
      "chemical_accuracy_raw": false,
      "chemical_accuracy_sv": false,
      "symmetry_expectation": 0.8549935752797342,
      "n_hamiltonian_terms": 14,
      "n_measurement_strings": 20
    },
    {
      "bond_distance": 1.1,
      "fci_energy": -1.079192944969075,
      "vqe_energy": -1.0791929449690747,
      "optimal_theta": 0.4137713583297066,
      "energy_raw": -0.9738505463807478,
      "energy_sv": -1.0221030027534241,
      "error_raw_mHa": 105.34239858832717,
      "error_sv_mHa": 57.08994221565078,
      "error_raw_kcal": 66.10330319576259,
      "error_sv_kcal": 35.8244525498008,
      "improvement_factor": 1.845200651813733,
      "chemical_accuracy_raw": false,
      "chemical_accuracy_sv": false,
      "symmetry_expectation": 0.8500727180376321,
      "n_hamiltonian_terms": 14,
      "n_measurement_strings": 20
    },
    {
      "bond_distance": 1.2,
      "fci_energy": -1.0567407463052576,
      "vqe_energy": -1.056740746305257,
      "optimal_theta": 0.48264867813763085,
      "energy_raw": -0.9666592657514159,
      "energy_sv": -1.011373949971618,
      "error_raw_mHa": 90.08148055384169,
      "error_sv_mHa": 45.36679633363971,
      "error_raw_kcal": 56.526939780860644,
      "error_sv_kcal": 28.468073000525923,
      "improvement_factor": 1.9856257843590732,
      "chemical_accuracy_raw": false,
      "chemical_accuracy_sv": false,
      "symmetry_expectation": 0.8444706992909257,
      "n_hamiltonian_terms": 14,
      "n_measurement_strings": 20
    },
    {
      "bond_distance": 1.3,
      "fci_energy": -1.035186266434255,
      "vqe_energy": -1.035186266434252,
      "optimal_theta": 0.5586672399254762,
      "energy_raw": -0.9461068984751335,
      "energy_sv": -0.9855039001472363,
      "error_raw_mHa": 89.07936795912153,
      "error_sv_mHa": 49.68236628701872,
      "error_raw_kcal": 55.89810510866039,
      "error_sv_kcal": 31.17613198640083,
      "improvement_factor": 1.7929775615860042,
      "chemical_accuracy_raw": false,
      "chemical_accuracy_sv": false,
      "symmetry_expectation": 0.8520770543064805,
      "n_hamiltonian_terms": 14,
      "n_measurement_strings": 20
    },
    {
      "bond_distance": 1.4,
      "fci_energy": -1.0154682492882459,
      "vqe_energy": -1.0154682492882448,
      "optimal_theta": 0.6406499844703303,
      "energy_raw": -0.9372580368358047,
      "energy_sv": -0.9763855605565022,
      "error_raw_mHa": 78.2102124524412,
      "error_sv_mHa": 39.0826887317437,
      "error_raw_kcal": 49.07761220581892,
      "error_sv_kcal": 24.524738923367757,
      "improvement_factor": 2.001147182816964,
      "chemical_accuracy_raw": false,
      "chemical_accuracy_sv": false,
      "symmetry_expectation": 0.8452685353445208,
      "n_hamiltonian_terms": 14,
      "n_measurement_strings": 20
    },
    {
      "bond_distance": 1.5,
      "fci_energy": -0.9981493534714101,
      "vqe_energy": -0.9981493534713897,
      "optimal_theta": 0.7266906533062983,
      "energy_raw": -0.9230153843827524,
      "energy_sv": -0.9587081366662045,
      "error_raw_mHa": 75.13396908865766,
      "error_sv_mHa": 39.44121680520563,
      "error_raw_kcal": 47.14724180885448,
      "error_sv_kcal": 24.749718516217776,
      "improvement_factor": 1.9049607282587981,
      "chemical_accuracy_raw": false,
      "chemical_accuracy_sv": false,
      "symmetry_expectation": 0.8452193805139743,
      "n_hamiltonian_terms": 14,
      "n_measurement_strings": 20
    },
    {
      "bond_distance": 1.6,
      "fci_energy": -0.9834727290331733,
      "vqe_energy": -0.9834727290331684,
      "optimal_theta": 0.8143609789506747,
      "energy_raw": -0.9084914565300117,
      "energy_sv": -0.94101347429016,
      "error_raw_mHa": 74.98127250316156,
      "error_sv_mHa": 42.45925474301326,
      "error_raw_kcal": 47.051423327186406,
      "error_sv_kcal": 26.64356448453351,
      "improvement_factor": 1.7659582806384477,
      "chemical_accuracy_raw": false,
      "chemical_accuracy_sv": false,
      "symmetry_expectation": 0.8476083289676459,
      "n_hamiltonian_terms": 14,
      "n_measurement_strings": 20
    },
    {
      "bond_distance": 1.8,
      "fci_energy": -0.961816952792581,
      "vqe_energy": -0.9618169527925744,
      "optimal_theta": 0.9842606283106545,
      "energy_raw": -0.8986398761832852,
      "energy_sv": -0.9275288856238583,
      "error_raw_mHa": 63.177076609295725,