{
  "id": "vqe-ibm-torino-rem-001",
  "type": "vqe_h2",
  "backend": "ibm-torino",
  "job_id": "d65ooe5bujdc73cto8hg",
  "parameters": {
    "shots": 4096,
    "bond_distance": 0.735,
    "alpha": -0.2234,
    "qubits": [
      0,
      1
    ],
    "g0": -0.321124,
    "g1": 0.397937,
    "g2": -0.397937,
    "g3": 0.0,
    "g4": 0.090466,
    "g5": 0.090466,
    "fci_energy": -1.137306,
    "readout_cal_file": "readout-cal-ibm-torino-001"
  },
  "raw_counts": {
    "z_basis": {
      "01": 3218,
      "00": 348,
      "11": 276,
      "10": 254
    },
    "x_basis": {
      "10": 1199,
      "01": 1166,
      "00": 948,
      "11": 783
    },
    "y_basis": {
      "10": 1275,
      "01": 1088,
      "00": 927,
      "11": 806
    }
  },
  "analysis": {
    "energy_hartree": -1.040822,
    "energy_raw": -0.924962,
    "energy_postselected": -1.028468,
    "energy_rem": -1.046241,
    "energy_hybrid": -1.040822,
    "postselection_keep_fraction": 0.8477,
    "fci_energy": -1.137306,
    "error_hartree": 0.096484,
    "error_kcal_mol": 60.54,
    "error_raw_kcal_mol": 133.25,
    "error_ps_kcal_mol": 68.3,
    "error_rem_kcal_mol": 57.14,
    "error_hybrid_kcal_mol": 60.54,
    "chemical_accuracy": false,
    "expectation_values": {
      "Z0": -0.8537,
      "Z1": 0.8537,
      "Z0Z1": -1.0,
      "X0X1": -0.1548,
      "Y0Y1": -0.1538
    },
    "rem_expectation_values": {
      "Z0": -0.8737,
      "Z1": 0.8472,
      "Z0Z1": -0.9735,
      "X0X1": -0.2239,
      "Y0Y1": -0.2213
    },
    "readout_cal_file": "readout-cal-ibm-torino-001"
  }
}