{
  "id": "vqe-iqm-garnet-rem-001",
  "type": "vqe_h2",
  "backend": "iqm-garnet",
  "parameters": {
    "shots": 4096,
    "bond_distance": 0.735,
    "alpha": -0.2234,
    "qubits": [
      "QB1",
      "QB2"
    ],
    "g0": -0.321124,
    "g1": 0.397937,
    "g2": -0.397937,
    "g3": 0.0,
    "g4": 0.090466,
    "g5": 0.090466,
    "fci_energy": -1.137306,
    "readout_cal_file": "readout-cal-iqm-garnet-001"
  },
  "raw_counts": {
    "z_basis": {
      "10": 3914,
      "01": 91,
      "00": 50,
      "11": 41
    },
    "x_basis": {
      "00": 1251,
      "11": 1229,
      "01": 828,
      "10": 788
    },
    "y_basis": {
      "00": 1310,
      "11": 1161,
      "10": 883,
      "01": 742
    }
  },
  "analysis": {
    "energy_hartree": -1.041145,
    "energy_raw": -1.026185,
    "energy_postselected": -1.043063,
    "energy_rem": -1.038274,
    "energy_hybrid": -1.041145,
    "postselection_keep_fraction": 0.9778,
    "fci_energy": -1.137306,
    "error_hartree": 0.096161,
    "error_kcal_mol": 60.34,
    "error_raw_kcal_mol": 69.73,
    "error_ps_kcal_mol": 59.14,
    "error_rem_kcal_mol": 62.14,
    "error_hybrid_kcal_mol": 60.34,
    "chemical_accuracy": false,
    "expectation_values": {
      "Z0": -0.9546,
      "Z1": 0.9546,
      "Z0Z1": -1.0,
      "X0X1": 0.2109,
      "Y0Y1": 0.2065
    },
    "rem_expectation_values": {
      "Z0": -0.9554,
      "Z1": 0.9465,
      "Z0Z1": -0.9911,
      "X0X1": 0.2223,
      "Y0Y1": 0.2164
    },
    "readout_cal_file": "readout-cal-iqm-garnet-001"
  }
}