{
  "experiment": "H2 2-qubit ZNE (REM+ZNE stacked)",
  "completed": "2026-02-15T17:59:44.405408+00:00",
  "backend": "Tuna-9",
  "physical_qubits": [
    4,
    6
  ],
  "n_reps": 5,
  "fold_factors": [
    1,
    3,
    5
  ],
  "results": [
    {
      "bond_distance": 0.5,
      "fci_energy": -1.05515976,
      "hf_energy": -1.04299624,
      "fold_stats_rem": {
        "1": {
          "mean": -1.0409146182225275,
          "std": 0.006961013961539022,
          "values": [
            -1.0344174476517776,
            -1.0394395484122487,
            -1.0528157879253979,
            -1.0387530216060308,
            -1.039147285517183
          ]
        },
        "3": {
          "mean": -0.9966432779330958,
          "std": 0.017252213375234422,
          "values": [
            -1.0188725820541453,
            -0.982599095136378,
            -0.9789128470954584,
            -0.9930717793862649,
            -1.009760085993233
          ]
        },
        "5": {
          "mean": -0.9272762735216995,
          "std": 0.02144535817083276,
          "values": [
            -0.9108360840321824,
            -0.9173345498326827,
            -0.9455916633173237,
            -0.9078307368534422,
            -0.9547883335728667
          ]
        }
      },
      "fold_stats_raw": {
        "1": {
          "mean": -1.00244871165332,
          "std": 0.0066581674667820605
        },
        "3": {
          "mean": -0.9600659719785154,
          "std": 0.01656492318706796
        },
        "5": {
          "mean": -0.8936572338916016,
          "std": 0.020544924475354068
        }
      },
      "zne": {
        "linear": {
          "mean": -1.0630502883672435,
          "std": 0.01774133018504813,
          "error_mHa": 7.890528367243466,
          "error_kcal": 4.95137756520058,
          "values": [
            -1.0421898804505938,
            -1.0678597750501841,
            -1.0897672583403677,
            -1.0615936427159138,
            -1.053840885279158
          ]
        },
        "quadratic": {
          "mean": -1.0536394143215067,
          "std": 0.03543539473414207,
          "error_mHa": 1.5203456784933511,
          "error_kcal": 0.9540305963656843,
          "values": [
            -1.0075055182914696,
            -1.06470074053975,
            -1.1049854172347944,
            -1.0467587175985176,
            -1.044246677943002
          ]
        }
      },
      "error_raw_mHa": 52.711048346679945,
      "error_rem_mHa": 14.245141777472492,
      "error_zne_linear_mHa": 7.890528367243466,
      "error_zne_quad_mHa": 1.5203456784933511
    },
    {
      "bond_distance": 0.7,
      "fci_energy": -1.13618945,
      "hf_energy": -1.117349,
      "fold_stats_rem": {
        "1": {
          "mean": -1.1299950902170044,
          "std": 0.0038376443270618935,
          "values": [
            -1.1356866550411266,
            -1.1297383677621877,
            -1.1266499596372896,
            -1.1315072729493134,
            -1.1263931956951045
          ]
        },
        "3": {
          "mean": -1.0976480660173613,
          "std": 0.003858524486347371,
          "values": [
            -1.0967827136326769,
            -1.0923205519480428,
            -1.101263980620094,
            -1.0962882948715964,
            -1.1015847890143975
          ]
        },
        "5": {
          "mean": -1.0375221160904686,
          "std": 0.01862833995763469,
          "values": [
            -1.027440477964686,
            -1.0177398305597944,
            -1.0578451414337968,
            -1.027518564083229,
            -1.0570665664108376
          ]
        }
      },
      "fold_stats_raw": {
        "1": {
          "mean": -1.1008765898251953,
          "std": 0.003640942959026459
        },
        "3": {
          "mean": -1.0701688627470702,
          "std": 0.0036871623540894833
        },
        "5": {
          "mean": -1.0127925750390623,
          "std": 0.017873402096289268
        }
      },
      "zne": {
        "linear": {
          "mean": -1.1461686023168258,
          "std": 0.006986943126796167,
          "error_mHa": 9.979152316825779,
          "error_kcal": 6.262007891179028,
          "values": [
            -1.1551386257453515,
            -1.1484472756692603,
            -1.1393429491458875,
            -1.149116761988172,
            -1.1387973990354578
          ]
        },
        "quadratic": {
          "mean": -1.135751505169107,
          "std": 0.004864501832691981,
          "error_mHa": 0.4379448308931,
          "error_kcal": 0.2748143228888983,
          "values": [
            -1.1437242653980237,
            -1.1345111860789716,
            -1.1325806265824743,
            -1.136535229721678,
            -1.1314062180643882
          ]
        }
      },
      "error_raw_mHa": 35.312860174804726,
      "error_rem_mHa": 6.194359782995651,
      "error_zne_linear_mHa": 9.979152316825779,
      "error_zne_quad_mHa": 0.4379448308931
    },
    {
      "bond_distance": 0.735,
      "fci_energy": -1.13730604,
      "hf_energy": -1.116999,
      "fold_stats_rem": {
        "1": {
          "mean": -1.1273789869406379,
          "std": 0.0044673891992776495,
          "values": [
            -1.130883679761346,
            -1.1284789614552877,
            -1.1278294417663242,
            -1.1196862826022105,
            -1.1300165691180202
          ]
        },
        "3": {
          "mean": -1.0972255458006035,
          "std": 0.008316072204603375,
          "values": [
            -1.1024982548631193,
            -1.084525902523711,
            -1.0935126365688168,
            -1.1003755422702486,
            -1.1052153927771224
          ]
        },
        "5": {
          "mean": -1.0403144224006426,
          "std": 0.01484036295766174,
          "values": [
            -1.0417382762377414,
            -1.0158694656103113,
            -1.0523064141768164,
            -1.039634879782323,
            -1.0520230761960214
          ]
        }
      },
      "fold_stats_raw": {
        "1": {
          "mean": -1.0997019248779298,
          "std": 0.004233702710075447
        },
        "3": {
          "mean": -1.071144503178711,
          "std": 0.007942786616457032
        },
        "5": {
          "mean": -1.0169907418994142,
          "std": 0.014240509224917257
        }
      },
      "zne": {
        "linear": {
          "mean": -1.1424557075106545,
          "std": 0.007893924212122422,
          "error_mHa": 5.149667510654599,
          "error_kcal": 3.2314627099433566,
          "values": [
            -1.1450763922104594,
            -1.150455490921076,
            -1.1449878443650778,
            -1.1293416527681912,
            -1.142417157288469
          ]
        },
        "quadratic": {
          "mean": -1.132421576663182,
          "std": 0.01144355545135728,
          "error_mHa": 4.8844633368179124,
          "error_kcal": 3.0650447040232716,
          "values": [
            -1.1329359345627774,
            -1.1411917241778924,
            -1.142404312917143,
            -1.113805431959705,
            -1.131770479698393
          ]
        }
      },
      "error_raw_mHa": 37.60411512207007,
      "error_rem_mHa": 9.927053059362034,
      "error_zne_linear_mHa": 5.149667510654599,
      "error_zne_quad_mHa": 4.8844633368179124
    },
    {
      "bond_distance": 0.9,
      "fci_energy": -1.12056029,
      "hf_energy": -1.091914,
      "fold_stats_rem": {
        "1": {
          "mean": -1.1116702272856185,
          "std": 0.004681047680829898,
          "values": [
            -1.1069278019584612,
            -1.118493416757608,
            -1.1109196232779002,
            -1.1139338199228188,
            -1.1080764745113043
          ]
        },
        "3": {
          "mean": -1.0813631313137733,
          "std": 0.004535391425783948,