{
  "molecule": "LiH",
  "bond_distance": 1.6,
  "basis": "STO-3G",
  "active_space": "CASCI(2,2)",
  "n_qubits": 4,
  "n_pauli_terms": 27,
  "n_circuits": 9,
  "shots_per_circuit": 4096,
  "total_shots": 36864,
  "backend": "ibm_fez (156-qubit Heron r2)",
  "E_IBM_active": -10.400283916344723,
  "E_VQE_ideal": -10.75456027230527,
  "E_IBM_molecular": -7.50785247747804,
  "E_HF": -7.861864769808645,
  "E_CASCI": -7.862128833438587,
  "E_FCI": -7.882324378883491,
  "noise_mHa": 374.4719014054514,
  "correlation_captured_pct": -1730.298418877604,
  "term_results": {
    "IIII": {
      "exp_val": 1.0,
      "coeff": -8.35590992423199
    },
    "ZIII": {
      "exp_val": -0.8671875,
      "coeff": 0.6166576277429734
    },
    "IZII": {
      "exp_val": -0.859375,
      "coeff": 0.6166576277429735
    },
    "IIZI": {
      "exp_val": -0.8916015625,
      "coeff": 0.370979366498277
    },
    "IIIZ": {
      "exp_val": -0.81982421875,
      "coeff": 0.37097936649827695
    },
    "ZZII": {
      "exp_val": 0.7646484375,
      "coeff": -0.12182774168311085
    },
    "ZIZI": {
      "exp_val": 0.79296875,
      "coeff": -0.05263651530244966
    },
    "ZIIZ": {
      "exp_val": 0.72705078125,
      "coeff": -0.05590251119765166
    },
    "IZZI": {
      "exp_val": 0.8837890625,
      "coeff": -0.05590251119765166
    },
    "IZIZ": {
      "exp_val": 0.81201171875,
      "coeff": -0.05263651530244966
    },
    "IIZZ": {
      "exp_val": 0.87451171875,
      "coeff": -0.08447056786924143
    },
    "YZYI": {
      "exp_val": 0.0126953125,
      "coeff": 0.034563657541850486
    },
    "YIYI": {
      "exp_val": -0.00439453125,
      "coeff": -0.012144898067813291
    },
    "YZYZ": {
      "exp_val": -0.0078125,
      "coeff": 0.0018710430187559995
    },
    "XZXI": {
      "exp_val": -0.052734375,
      "coeff": 0.034563657541850486
    },
    "XIXI": {
      "exp_val": 0.04150390625,
      "coeff": -0.012144898067813291
    },
    "XZXZ": {
      "exp_val": 0.04052734375,
      "coeff": 0.0018710430187559995
    },
    "IYZY": {
      "exp_val": -0.02880859375,
      "coeff": 0.034563657541850486
    },
    "ZYZY": {
      "exp_val": 0.02783203125,
      "coeff": -0.012144898067813291
    },
    "IYIY": {
      "exp_val": 0.02001953125,
      "coeff": 0.0018710430187559995
    },
    "IXZX": {
      "exp_val": 0.0009765625,
      "coeff": 0.034563657541850486
    },
    "ZXZX": {
      "exp_val": 0.0185546875,
      "coeff": -0.012144898067813291
    },
    "IXIX": {
      "exp_val": -0.00390625,
      "coeff": 0.0018710430187559995
    },
    "YXXY": {
      "exp_val": -0.0205078125,
      "coeff": -0.003265995895202011
    },
    "YYXX": {
      "exp_val": -0.0107421875,
      "coeff": 0.003265995895202011
    },
    "XXYY": {
      "exp_val": -0.04345703125,
      "coeff": 0.003265995895202011
    },
    "XYYX": {
      "exp_val": -0.0498046875,
      "coeff": -0.003265995895202011
    }
  }
}