{
  "experiment": "LiH VQE with TREX",
  "backend": "ibm_fez",
  "job_id": "d66r8ohv6o8c73d4lj80",
  "resilience_level": 1,
  "molecule": "LiH",
  "bond_distance_angstrom": 1.6,
  "basis_set": "STO-3G",
  "active_space": "CASCI(2,2)",
  "n_qubits": 4,
  "n_pauli_terms": 27,
  "trex_energy_active_space": -10.5951092430114,
  "trex_std": 0.009759302249184401,
  "trex_energy_molecular": -7.7026778041447175,
  "trex_error_mHa": 179.6465747387739,
  "trex_vs_casci_mHa": 159.45102929386934,
  "chemical_accuracy": false,
  "ideal_energy": -10.75456027230527,
  "raw_sampler_error_mHa": 354.3,
  "improvement_factor": 2.2219988266555664,
  "per_term_evs": {
    "ZIII": {
      "evs": -0.9985516787360106,
      "stds": 0.011319250581366935
    },
    "YZYI": {
      "evs": 0.033083339174318355,
      "stds": 0.015862472303288654
    },
    "XZXI": {
      "evs": -0.021868647928786712,
      "stds": 0.01774513203844374
    },
    "IZII": {
      "evs": -0.9017012063099289,
      "stds": 0.006540100382241113
    },
    "IYZY": {
      "evs": -0.0005534417156693186,
      "stds": 0.022825487378868244
    },
    "IXZX": {
      "evs": 0.0237979937737807,
      "stds": 0.015488803956105362
    },
    "IIZI": {
      "evs": -0.9262725990511604,
      "stds": 0.006450130115672145
    },
    "IIIZ": {
      "evs": -0.8803329864724245,
      "stds": 0.01044905891584747
    },
    "ZZII": {
      "evs": 0.9029417650590355,
      "stds": 0.015835139597718928
    },
    "ZYZY": {
      "evs": -0.013154944315718663,
      "stds": 0.022058533125566594
    },
    "ZXZX": {
      "evs": -0.013752896330069512,
      "stds": 0.015735079892450245
    },
    "YIYI": {
      "evs": 0.03655497092218222,
      "stds": 0.015147050713567454
    },
    "XIXI": {
      "evs": 0.004984768762115757,
      "stds": 0.017057452975076513
    },
    "YXXY": {
      "evs": -0.03826892891845429,
      "stds": 0.022517180695861554
    },
    "YYXX": {
      "evs": -0.03946483294715599,
      "stds": 0.02425903497875424
    },
    "XXYY": {
      "evs": -0.05620748934897975,
      "stds": 0.02139306297158934
    },
    "XYYX": {
      "evs": -0.033485312803647506,
      "stds": 0.018681075726329925
    },
    "ZIZI": {
      "evs": 0.9570756023262255,
      "stds": 0.015548886244132932
    },
    "ZIIZ": {
      "evs": 0.8840213423195732,
      "stds": 0.014616669976915724
    },
    "YZYZ": {
      "evs": 0.03169145676059496,
      "stds": 0.020827807559234825
    },
    "XZXZ": {
      "evs": 0.014948800358771209,
      "stds": 0.021422028615218757
    },
    "IZZI": {
      "evs": 0.9838322186870982,
      "stds": 0.0072591783128868595
    },
    "IYIY": {
      "evs": 0.032685337726523885,
      "stds": 0.014570617613491972
    },
    "IXIX": {
      "evs": -0.031103789126853378,
      "stds": 0.016387132807102155
    },
    "IZIZ": {
      "evs": 0.9014827018121911,
      "stds": 0.012898867142722767
    },
    "IIZZ": {
      "evs": 1.017903512368457,
      "stds": 0.009010867295000134
    }
  },
  "reference": {
    "E_FCI": -7.882324378883491,
    "E_HF": -7.861864769808645,
    "E_CASCI": -7.862128833438587,
    "E_VQE_ideal": -10.75456027230527
  }
}